message,attributes,tags,timestamp
Starting Container,"{""level"":""info""}","{""project"":""d4aae26b-9fab-4baa-93f4-1b393c6d7c8a"",""environment"":""6d4d10f8-ef6e-4a33-ba9c-6a725e4554a8"",""service"":""51cba4c8-134f-4e77-9ac9-02d403d57a06"",""deployment"":""21ac7a1d-e3b2-439c-8818-0eb1b69b56b4"",""replica"":""deff1601-8d89-4c9a-aef7-3a613d23deec""}",2026-01-10T19:32:31.000000000Z
npm warn config production Use `--omit=dev` instead.,"{""level"":""error""}","{""project"":""d4aae26b-9fab-4baa-93f4-1b393c6d7c8a"",""environment"":""6d4d10f8-ef6e-4a33-ba9c-6a725e4554a8"",""service"":""51cba4c8-134f-4e77-9ac9-02d403d57a06"",""deployment"":""21ac7a1d-e3b2-439c-8818-0eb1b69b56b4"",""replica"":""deff1601-8d89-4c9a-aef7-3a613d23deec""}",2026-01-10T19:32:32.372656750Z
,"{""level"":""info""}","{""project"":""d4aae26b-9fab-4baa-93f4-1b393c6d7c8a"",""environment"":""6d4d10f8-ef6e-4a33-ba9c-6a725e4554a8"",""service"":""51cba4c8-134f-4e77-9ac9-02d403d57a06"",""deployment"":""21ac7a1d-e3b2-439c-8818-0eb1b69b56b4"",""replica"":""deff1601-8d89-4c9a-aef7-3a613d23deec""}",2026-01-10T19:32:32.372664783Z
> swiss-doubles-tournament@0.1.0 start,"{""level"":""info""}","{""project"":""d4aae26b-9fab-4baa-93f4-1b393c6d7c8a"",""environment"":""6d4d10f8-ef6e-4a33-ba9c-6a725e4554a8"",""service"":""51cba4c8-134f-4e77-9ac9-02d403d57a06"",""deployment"":""21ac7a1d-e3b2-439c-8818-0eb1b69b56b4"",""replica"":""deff1601-8d89-4c9a-aef7-3a613d23deec""}",2026-01-10T19:32:32.372672845Z
> NODE_ENV=production node dist-server/server/index.js,"{""level"":""info""}","{""project"":""d4aae26b-9fab-4baa-93f4-1b393c6d7c8a"",""environment"":""6d4d10f8-ef6e-4a33-ba9c-6a725e4554a8"",""service"":""51cba4c8-134f-4e77-9ac9-02d403d57a06"",""deployment"":""21ac7a1d-e3b2-439c-8818-0eb1b69b56b4"",""replica"":""deff1601-8d89-4c9a-aef7-3a613d23deec""}",2026-01-10T19:32:32.372680786Z
,"{""level"":""info""}","{""project"":""d4aae26b-9fab-4baa-93f4-1b393c6d7c8a"",""environment"":""6d4d10f8-ef6e-4a33-ba9c-6a725e4554a8"",""service"":""51cba4c8-134f-4e77-9ac9-02d403d57a06"",""deployment"":""21ac7a1d-e3b2-439c-8818-0eb1b69b56b4"",""replica"":""deff1601-8d89-4c9a-aef7-3a613d23deec""}",2026-01-10T19:32:32.372688631Z
📁 Database path: /data/tournaments.db,"{""level"":""info""}","{""project"":""d4aae26b-9fab-4baa-93f4-1b393c6d7c8a"",""environment"":""6d4d10f8-ef6e-4a33-ba9c-6a725e4554a8"",""service"":""51cba4c8-134f-4e77-9ac9-02d403d57a06"",""deployment"":""21ac7a1d-e3b2-439c-8818-0eb1b69b56b4"",""replica"":""deff1601-8d89-4c9a-aef7-3a613d23deec""}",2026-01-10T19:32:32.372696619Z
📁 Creating directory: /data,"{""level"":""info""}","{""project"":""d4aae26b-9fab-4baa-93f4-1b393c6d7c8a"",""environment"":""6d4d10f8-ef6e-4a33-ba9c-6a725e4554a8"",""service"":""51cba4c8-134f-4e77-9ac9-02d403d57a06"",""deployment"":""21ac7a1d-e3b2-439c-8818-0eb1b69b56b4"",""replica"":""deff1601-8d89-4c9a-aef7-3a613d23deec""}",2026-01-10T19:32:32.372704631Z
✅ Database initialized,"{""level"":""info""}","{""project"":""d4aae26b-9fab-4baa-93f4-1b393c6d7c8a"",""environment"":""6d4d10f8-ef6e-4a33-ba9c-6a725e4554a8"",""service"":""51cba4c8-134f-4e77-9ac9-02d403d57a06"",""deployment"":""21ac7a1d-e3b2-439c-8818-0eb1b69b56b4"",""replica"":""deff1601-8d89-4c9a-aef7-3a613d23deec""}",2026-01-10T19:32:32.372713381Z
🕐 Starting cleanup schedule (runs every hour),"{""level"":""info""}","{""project"":""d4aae26b-9fab-4baa-93f4-1b393c6d7c8a"",""environment"":""6d4d10f8-ef6e-4a33-ba9c-6a725e4554a8"",""service"":""51cba4c8-134f-4e77-9ac9-02d403d57a06"",""deployment"":""21ac7a1d-e3b2-439c-8818-0eb1b69b56b4"",""replica"":""deff1601-8d89-4c9a-aef7-3a613d23deec""}",2026-01-10T19:32:32.372722771Z
,"{""level"":""info""}","{""project"":""d4aae26b-9fab-4baa-93f4-1b393c6d7c8a"",""environment"":""6d4d10f8-ef6e-4a33-ba9c-6a725e4554a8"",""service"":""51cba4c8-134f-4e77-9ac9-02d403d57a06"",""deployment"":""21ac7a1d-e3b2-439c-8818-0eb1b69b56b4"",""replica"":""deff1601-8d89-4c9a-aef7-3a613d23deec""}",2026-01-10T19:32:32.372731093Z
╔════════════════════════════════════════════════╗,"{""level"":""info""}","{""project"":""d4aae26b-9fab-4baa-93f4-1b393c6d7c8a"",""environment"":""6d4d10f8-ef6e-4a33-ba9c-6a725e4554a8"",""service"":""51cba4c8-134f-4e77-9ac9-02d403d57a06"",""deployment"":""21ac7a1d-e3b2-439c-8818-0eb1b69b56b4"",""replica"":""deff1601-8d89-4c9a-aef7-3a613d23deec""}",2026-01-10T19:32:32.372738913Z
║     Swiss Doubles Tournament Server            ║,"{""level"":""info""}","{""project"":""d4aae26b-9fab-4baa-93f4-1b393c6d7c8a"",""environment"":""6d4d10f8-ef6e-4a33-ba9c-6a725e4554a8"",""service"":""51cba4c8-134f-4e77-9ac9-02d403d57a06"",""deployment"":""21ac7a1d-e3b2-439c-8818-0eb1b69b56b4"",""replica"":""deff1601-8d89-4c9a-aef7-3a613d23deec""}",2026-01-10T19:32:32.372746619Z
║     Running on http://0.0.0.0:8080              ║,"{""level"":""info""}","{""project"":""d4aae26b-9fab-4baa-93f4-1b393c6d7c8a"",""environment"":""6d4d10f8-ef6e-4a33-ba9c-6a725e4554a8"",""service"":""51cba4c8-134f-4e77-9ac9-02d403d57a06"",""deployment"":""21ac7a1d-e3b2-439c-8818-0eb1b69b56b4"",""replica"":""deff1601-8d89-4c9a-aef7-3a613d23deec""}",2026-01-10T19:32:32.372754099Z
║     Network: http://<your-ip>:8080            ║,"{""level"":""info""}","{""project"":""d4aae26b-9fab-4baa-93f4-1b393c6d7c8a"",""environment"":""6d4d10f8-ef6e-4a33-ba9c-6a725e4554a8"",""service"":""51cba4c8-134f-4e77-9ac9-02d403d57a06"",""deployment"":""21ac7a1d-e3b2-439c-8818-0eb1b69b56b4"",""replica"":""deff1601-8d89-4c9a-aef7-3a613d23deec""}",2026-01-10T19:32:32.372761466Z
╚════════════════════════════════════════════════╝,"{""level"":""info""}","{""project"":""d4aae26b-9fab-4baa-93f4-1b393c6d7c8a"",""environment"":""6d4d10f8-ef6e-4a33-ba9c-6a725e4554a8"",""service"":""51cba4c8-134f-4e77-9ac9-02d403d57a06"",""deployment"":""21ac7a1d-e3b2-439c-8818-0eb1b69b56b4"",""replica"":""deff1601-8d89-4c9a-aef7-3a613d23deec""}",2026-01-10T19:32:32.372769536Z
  ,"{""level"":""info""}","{""project"":""d4aae26b-9fab-4baa-93f4-1b393c6d7c8a"",""environment"":""6d4d10f8-ef6e-4a33-ba9c-6a725e4554a8"",""service"":""51cba4c8-134f-4e77-9ac9-02d403d57a06"",""deployment"":""21ac7a1d-e3b2-439c-8818-0eb1b69b56b4"",""replica"":""deff1601-8d89-4c9a-aef7-3a613d23deec""}",2026-01-10T19:32:32.372777667Z
[Socket] Connected: yNd5pi4iX1-W0SZ-AAAB,"{""level"":""info""}","{""project"":""d4aae26b-9fab-4baa-93f4-1b393c6d7c8a"",""environment"":""6d4d10f8-ef6e-4a33-ba9c-6a725e4554a8"",""service"":""51cba4c8-134f-4e77-9ac9-02d403d57a06"",""deployment"":""21ac7a1d-e3b2-439c-8818-0eb1b69b56b4"",""replica"":""deff1601-8d89-4c9a-aef7-3a613d23deec""}",2026-01-10T19:32:37.024657742Z
[Socket] Connected: do6-ZY_d6eB98NehAAAD,"{""level"":""info""}","{""project"":""d4aae26b-9fab-4baa-93f4-1b393c6d7c8a"",""environment"":""6d4d10f8-ef6e-4a33-ba9c-6a725e4554a8"",""service"":""51cba4c8-134f-4e77-9ac9-02d403d57a06"",""deployment"":""21ac7a1d-e3b2-439c-8818-0eb1b69b56b4"",""replica"":""deff1601-8d89-4c9a-aef7-3a613d23deec""}",2026-01-10T19:32:44.879814881Z
"[Create] Host ""Shawn"" creating tournament ""Village #2""","{""level"":""info""}","{""project"":""d4aae26b-9fab-4baa-93f4-1b393c6d7c8a"",""environment"":""6d4d10f8-ef6e-4a33-ba9c-6a725e4554a8"",""service"":""51cba4c8-134f-4e77-9ac9-02d403d57a06"",""deployment"":""21ac7a1d-e3b2-439c-8818-0eb1b69b56b4"",""replica"":""deff1601-8d89-4c9a-aef7-3a613d23deec""}",2026-01-10T19:33:15.149339907Z
[Create] Tournament created with code: T3EVNF,"{""level"":""info""}","{""project"":""d4aae26b-9fab-4baa-93f4-1b393c6d7c8a"",""environment"":""6d4d10f8-ef6e-4a33-ba9c-6a725e4554a8"",""service"":""51cba4c8-134f-4e77-9ac9-02d403d57a06"",""deployment"":""21ac7a1d-e3b2-439c-8818-0eb1b69b56b4"",""replica"":""deff1601-8d89-4c9a-aef7-3a613d23deec""}",2026-01-10T19:33:15.149349693Z
DEBUG: Using regular bye logic (mode= byes_only count= 0,"{""level"":""info""}","{""project"":""d4aae26b-9fab-4baa-93f4-1b393c6d7c8a"",""environment"":""6d4d10f8-ef6e-4a33-ba9c-6a725e4554a8"",""service"":""51cba4c8-134f-4e77-9ac9-02d403d57a06"",""deployment"":""21ac7a1d-e3b2-439c-8818-0eb1b69b56b4"",""replica"":""deff1601-8d89-4c9a-aef7-3a613d23deec""}",2026-01-10T19:34:55.832595069Z
[Tournament] Started: T3EVNF,"{""level"":""info""}","{""project"":""d4aae26b-9fab-4baa-93f4-1b393c6d7c8a"",""environment"":""6d4d10f8-ef6e-4a33-ba9c-6a725e4554a8"",""service"":""51cba4c8-134f-4e77-9ac9-02d403d57a06"",""deployment"":""21ac7a1d-e3b2-439c-8818-0eb1b69b56b4"",""replica"":""deff1601-8d89-4c9a-aef7-3a613d23deec""}",2026-01-10T19:34:55.832609045Z
[Socket] Disconnected: do6-ZY_d6eB98NehAAAD,"{""level"":""info""}","{""project"":""d4aae26b-9fab-4baa-93f4-1b393c6d7c8a"",""environment"":""6d4d10f8-ef6e-4a33-ba9c-6a725e4554a8"",""service"":""51cba4c8-134f-4e77-9ac9-02d403d57a06"",""deployment"":""21ac7a1d-e3b2-439c-8818-0eb1b69b56b4"",""replica"":""deff1601-8d89-4c9a-aef7-3a613d23deec""}",2026-01-10T19:41:49.129094896Z
"[Leave] ""Shawn"" left T3EVNF","{""level"":""info""}","{""project"":""d4aae26b-9fab-4baa-93f4-1b393c6d7c8a"",""environment"":""6d4d10f8-ef6e-4a33-ba9c-6a725e4554a8"",""service"":""51cba4c8-134f-4e77-9ac9-02d403d57a06"",""deployment"":""21ac7a1d-e3b2-439c-8818-0eb1b69b56b4"",""replica"":""deff1601-8d89-4c9a-aef7-3a613d23deec""}",2026-01-10T19:41:49.129107934Z
[Socket] Connected: nz95Jcy1EwhWoRXbAAAF,"{""level"":""info""}","{""project"":""d4aae26b-9fab-4baa-93f4-1b393c6d7c8a"",""environment"":""6d4d10f8-ef6e-4a33-ba9c-6a725e4554a8"",""service"":""51cba4c8-134f-4e77-9ac9-02d403d57a06"",""deployment"":""21ac7a1d-e3b2-439c-8818-0eb1b69b56b4"",""replica"":""deff1601-8d89-4c9a-aef7-3a613d23deec""}",2026-01-10T19:41:49.129116928Z
"[Rejoin] ""Shawn"" attempting to rejoin T3EVNF as host","{""level"":""info""}","{""project"":""d4aae26b-9fab-4baa-93f4-1b393c6d7c8a"",""environment"":""6d4d10f8-ef6e-4a33-ba9c-6a725e4554a8"",""service"":""51cba4c8-134f-4e77-9ac9-02d403d57a06"",""deployment"":""21ac7a1d-e3b2-439c-8818-0eb1b69b56b4"",""replica"":""deff1601-8d89-4c9a-aef7-3a613d23deec""}",2026-01-10T19:41:49.129129397Z
"[Rejoin] ""Shawn"" rejoined T3EVNF as host","{""level"":""info""}","{""project"":""d4aae26b-9fab-4baa-93f4-1b393c6d7c8a"",""environment"":""6d4d10f8-ef6e-4a33-ba9c-6a725e4554a8"",""service"":""51cba4c8-134f-4e77-9ac9-02d403d57a06"",""deployment"":""21ac7a1d-e3b2-439c-8818-0eb1b69b56b4"",""replica"":""deff1601-8d89-4c9a-aef7-3a613d23deec""}",2026-01-10T19:41:49.129139895Z
[Socket] Disconnected: yNd5pi4iX1-W0SZ-AAAB,"{""level"":""info""}","{""project"":""d4aae26b-9fab-4baa-93f4-1b393c6d7c8a"",""environment"":""6d4d10f8-ef6e-4a33-ba9c-6a725e4554a8"",""service"":""51cba4c8-134f-4e77-9ac9-02d403d57a06"",""deployment"":""21ac7a1d-e3b2-439c-8818-0eb1b69b56b4"",""replica"":""deff1601-8d89-4c9a-aef7-3a613d23deec""}",2026-01-10T19:42:08.892737833Z
[Socket] Disconnected: nz95Jcy1EwhWoRXbAAAF,"{""level"":""info""}","{""project"":""d4aae26b-9fab-4baa-93f4-1b393c6d7c8a"",""environment"":""6d4d10f8-ef6e-4a33-ba9c-6a725e4554a8"",""service"":""51cba4c8-134f-4e77-9ac9-02d403d57a06"",""deployment"":""21ac7a1d-e3b2-439c-8818-0eb1b69b56b4"",""replica"":""deff1601-8d89-4c9a-aef7-3a613d23deec""}",2026-01-10T19:42:28.865795091Z
"[Leave] ""Shawn"" left T3EVNF","{""level"":""info""}","{""project"":""d4aae26b-9fab-4baa-93f4-1b393c6d7c8a"",""environment"":""6d4d10f8-ef6e-4a33-ba9c-6a725e4554a8"",""service"":""51cba4c8-134f-4e77-9ac9-02d403d57a06"",""deployment"":""21ac7a1d-e3b2-439c-8818-0eb1b69b56b4"",""replica"":""deff1601-8d89-4c9a-aef7-3a613d23deec""}",2026-01-10T19:42:28.865805899Z
[Socket] Connected: ZUxnDGLpLs6WAq8mAAAH,"{""level"":""info""}","{""project"":""d4aae26b-9fab-4baa-93f4-1b393c6d7c8a"",""environment"":""6d4d10f8-ef6e-4a33-ba9c-6a725e4554a8"",""service"":""51cba4c8-134f-4e77-9ac9-02d403d57a06"",""deployment"":""21ac7a1d-e3b2-439c-8818-0eb1b69b56b4"",""replica"":""deff1601-8d89-4c9a-aef7-3a613d23deec""}",2026-01-10T19:43:28.513898825Z
[Socket] Connected: o288HmDCAttozOAQAAAJ,"{""level"":""info""}","{""project"":""d4aae26b-9fab-4baa-93f4-1b393c6d7c8a"",""environment"":""6d4d10f8-ef6e-4a33-ba9c-6a725e4554a8"",""service"":""51cba4c8-134f-4e77-9ac9-02d403d57a06"",""deployment"":""21ac7a1d-e3b2-439c-8818-0eb1b69b56b4"",""replica"":""deff1601-8d89-4c9a-aef7-3a613d23deec""}",2026-01-10T19:43:48.514117477Z
"[Rejoin] ""Shawn"" attempting to rejoin T3EVNF as host","{""level"":""info""}","{""project"":""d4aae26b-9fab-4baa-93f4-1b393c6d7c8a"",""environment"":""6d4d10f8-ef6e-4a33-ba9c-6a725e4554a8"",""service"":""51cba4c8-134f-4e77-9ac9-02d403d57a06"",""deployment"":""21ac7a1d-e3b2-439c-8818-0eb1b69b56b4"",""replica"":""deff1601-8d89-4c9a-aef7-3a613d23deec""}",2026-01-10T19:43:48.514128627Z
"[Rejoin] ""Shawn"" rejoined T3EVNF as host","{""level"":""info""}","{""project"":""d4aae26b-9fab-4baa-93f4-1b393c6d7c8a"",""environment"":""6d4d10f8-ef6e-4a33-ba9c-6a725e4554a8"",""service"":""51cba4c8-134f-4e77-9ac9-02d403d57a06"",""deployment"":""21ac7a1d-e3b2-439c-8818-0eb1b69b56b4"",""replica"":""deff1601-8d89-4c9a-aef7-3a613d23deec""}",2026-01-10T19:43:48.514136868Z
[Socket] Disconnected: ZUxnDGLpLs6WAq8mAAAH,"{""level"":""info""}","{""project"":""d4aae26b-9fab-4baa-93f4-1b393c6d7c8a"",""environment"":""6d4d10f8-ef6e-4a33-ba9c-6a725e4554a8"",""service"":""51cba4c8-134f-4e77-9ac9-02d403d57a06"",""deployment"":""21ac7a1d-e3b2-439c-8818-0eb1b69b56b4"",""replica"":""deff1601-8d89-4c9a-aef7-3a613d23deec""}",2026-01-10T19:44:18.373730300Z
[Socket] Disconnected: o288HmDCAttozOAQAAAJ,"{""level"":""info""}","{""project"":""d4aae26b-9fab-4baa-93f4-1b393c6d7c8a"",""environment"":""6d4d10f8-ef6e-4a33-ba9c-6a725e4554a8"",""service"":""51cba4c8-134f-4e77-9ac9-02d403d57a06"",""deployment"":""21ac7a1d-e3b2-439c-8818-0eb1b69b56b4"",""replica"":""deff1601-8d89-4c9a-aef7-3a613d23deec""}",2026-01-10T19:44:27.250089275Z
"[Leave] ""Shawn"" left T3EVNF","{""level"":""info""}","{""project"":""d4aae26b-9fab-4baa-93f4-1b393c6d7c8a"",""environment"":""6d4d10f8-ef6e-4a33-ba9c-6a725e4554a8"",""service"":""51cba4c8-134f-4e77-9ac9-02d403d57a06"",""deployment"":""21ac7a1d-e3b2-439c-8818-0eb1b69b56b4"",""replica"":""deff1601-8d89-4c9a-aef7-3a613d23deec""}",2026-01-10T19:44:27.250098609Z
[Socket] Connected: VtxOZ_koSYK37sb7AAAL,"{""level"":""info""}","{""project"":""d4aae26b-9fab-4baa-93f4-1b393c6d7c8a"",""environment"":""6d4d10f8-ef6e-4a33-ba9c-6a725e4554a8"",""service"":""51cba4c8-134f-4e77-9ac9-02d403d57a06"",""deployment"":""21ac7a1d-e3b2-439c-8818-0eb1b69b56b4"",""replica"":""deff1601-8d89-4c9a-aef7-3a613d23deec""}",2026-01-10T19:50:01.054585408Z
"[Rejoin] ""Shawn"" attempting to rejoin T3EVNF as host","{""level"":""info""}","{""project"":""d4aae26b-9fab-4baa-93f4-1b393c6d7c8a"",""environment"":""6d4d10f8-ef6e-4a33-ba9c-6a725e4554a8"",""service"":""51cba4c8-134f-4e77-9ac9-02d403d57a06"",""deployment"":""21ac7a1d-e3b2-439c-8818-0eb1b69b56b4"",""replica"":""deff1601-8d89-4c9a-aef7-3a613d23deec""}",2026-01-10T19:50:01.054593838Z
"[Rejoin] ""Shawn"" rejoined T3EVNF as host","{""level"":""info""}","{""project"":""d4aae26b-9fab-4baa-93f4-1b393c6d7c8a"",""environment"":""6d4d10f8-ef6e-4a33-ba9c-6a725e4554a8"",""service"":""51cba4c8-134f-4e77-9ac9-02d403d57a06"",""deployment"":""21ac7a1d-e3b2-439c-8818-0eb1b69b56b4"",""replica"":""deff1601-8d89-4c9a-aef7-3a613d23deec""}",2026-01-10T19:50:01.054602563Z
[Socket] Connected: 8LVsIfcP3NqO0a6MAAAN,"{""level"":""info""}","{""project"":""d4aae26b-9fab-4baa-93f4-1b393c6d7c8a"",""environment"":""6d4d10f8-ef6e-4a33-ba9c-6a725e4554a8"",""service"":""51cba4c8-134f-4e77-9ac9-02d403d57a06"",""deployment"":""21ac7a1d-e3b2-439c-8818-0eb1b69b56b4"",""replica"":""deff1601-8d89-4c9a-aef7-3a613d23deec""}",2026-01-10T19:50:02.009704767Z
[Socket] Disconnected: VtxOZ_koSYK37sb7AAAL,"{""level"":""info""}","{""project"":""d4aae26b-9fab-4baa-93f4-1b393c6d7c8a"",""environment"":""6d4d10f8-ef6e-4a33-ba9c-6a725e4554a8"",""service"":""51cba4c8-134f-4e77-9ac9-02d403d57a06"",""deployment"":""21ac7a1d-e3b2-439c-8818-0eb1b69b56b4"",""replica"":""deff1601-8d89-4c9a-aef7-3a613d23deec""}",2026-01-10T19:51:11.985936610Z
"[Leave] ""Shawn"" left T3EVNF","{""level"":""info""}","{""project"":""d4aae26b-9fab-4baa-93f4-1b393c6d7c8a"",""environment"":""6d4d10f8-ef6e-4a33-ba9c-6a725e4554a8"",""service"":""51cba4c8-134f-4e77-9ac9-02d403d57a06"",""deployment"":""21ac7a1d-e3b2-439c-8818-0eb1b69b56b4"",""replica"":""deff1601-8d89-4c9a-aef7-3a613d23deec""}",2026-01-10T19:51:11.985944806Z
[Socket] Disconnected: 8LVsIfcP3NqO0a6MAAAN,"{""level"":""info""}","{""project"":""d4aae26b-9fab-4baa-93f4-1b393c6d7c8a"",""environment"":""6d4d10f8-ef6e-4a33-ba9c-6a725e4554a8"",""service"":""51cba4c8-134f-4e77-9ac9-02d403d57a06"",""deployment"":""21ac7a1d-e3b2-439c-8818-0eb1b69b56b4"",""replica"":""deff1601-8d89-4c9a-aef7-3a613d23deec""}",2026-01-10T19:51:11.985952137Z
[Socket] Connected: jtjj0VTTmBUzG9LgAAAP,"{""level"":""info""}","{""project"":""d4aae26b-9fab-4baa-93f4-1b393c6d7c8a"",""environment"":""6d4d10f8-ef6e-4a33-ba9c-6a725e4554a8"",""service"":""51cba4c8-134f-4e77-9ac9-02d403d57a06"",""deployment"":""21ac7a1d-e3b2-439c-8818-0eb1b69b56b4"",""replica"":""deff1601-8d89-4c9a-aef7-3a613d23deec""}",2026-01-10T20:20:38.645898611Z
"[Rejoin] ""Shawn"" attempting to rejoin T3EVNF as host","{""level"":""info""}","{""project"":""d4aae26b-9fab-4baa-93f4-1b393c6d7c8a"",""environment"":""6d4d10f8-ef6e-4a33-ba9c-6a725e4554a8"",""service"":""51cba4c8-134f-4e77-9ac9-02d403d57a06"",""deployment"":""21ac7a1d-e3b2-439c-8818-0eb1b69b56b4"",""replica"":""deff1601-8d89-4c9a-aef7-3a613d23deec""}",2026-01-10T20:20:38.645910964Z
"[Rejoin] ""Shawn"" rejoined T3EVNF as host","{""level"":""info""}","{""project"":""d4aae26b-9fab-4baa-93f4-1b393c6d7c8a"",""environment"":""6d4d10f8-ef6e-4a33-ba9c-6a725e4554a8"",""service"":""51cba4c8-134f-4e77-9ac9-02d403d57a06"",""deployment"":""21ac7a1d-e3b2-439c-8818-0eb1b69b56b4"",""replica"":""deff1601-8d89-4c9a-aef7-3a613d23deec""}",2026-01-10T20:20:38.645919660Z
[Socket] Connected: leAe0K0IGTf8CAQ1AAAR,"{""level"":""info""}","{""project"":""d4aae26b-9fab-4baa-93f4-1b393c6d7c8a"",""environment"":""6d4d10f8-ef6e-4a33-ba9c-6a725e4554a8"",""service"":""51cba4c8-134f-4e77-9ac9-02d403d57a06"",""deployment"":""21ac7a1d-e3b2-439c-8818-0eb1b69b56b4"",""replica"":""deff1601-8d89-4c9a-aef7-3a613d23deec""}",2026-01-10T20:20:39.252562003Z
[Socket] Disconnected: jtjj0VTTmBUzG9LgAAAP,"{""level"":""info""}","{""project"":""d4aae26b-9fab-4baa-93f4-1b393c6d7c8a"",""environment"":""6d4d10f8-ef6e-4a33-ba9c-6a725e4554a8"",""service"":""51cba4c8-134f-4e77-9ac9-02d403d57a06"",""deployment"":""21ac7a1d-e3b2-439c-8818-0eb1b69b56b4"",""replica"":""deff1601-8d89-4c9a-aef7-3a613d23deec""}",2026-01-10T20:21:19.945702490Z
"[Leave] ""Shawn"" left T3EVNF","{""level"":""info""}","{""project"":""d4aae26b-9fab-4baa-93f4-1b393c6d7c8a"",""environment"":""6d4d10f8-ef6e-4a33-ba9c-6a725e4554a8"",""service"":""51cba4c8-134f-4e77-9ac9-02d403d57a06"",""deployment"":""21ac7a1d-e3b2-439c-8818-0eb1b69b56b4"",""replica"":""deff1601-8d89-4c9a-aef7-3a613d23deec""}",2026-01-10T20:21:19.945709824Z
[Socket] Disconnected: leAe0K0IGTf8CAQ1AAAR,"{""level"":""info""}","{""project"":""d4aae26b-9fab-4baa-93f4-1b393c6d7c8a"",""environment"":""6d4d10f8-ef6e-4a33-ba9c-6a725e4554a8"",""service"":""51cba4c8-134f-4e77-9ac9-02d403d57a06"",""deployment"":""21ac7a1d-e3b2-439c-8818-0eb1b69b56b4"",""replica"":""deff1601-8d89-4c9a-aef7-3a613d23deec""}",2026-01-10T20:21:23.915974426Z
[Socket] Connected: f73piLZmzpf6qa28AAAT,"{""level"":""info""}","{""project"":""d4aae26b-9fab-4baa-93f4-1b393c6d7c8a"",""environment"":""6d4d10f8-ef6e-4a33-ba9c-6a725e4554a8"",""service"":""51cba4c8-134f-4e77-9ac9-02d403d57a06"",""deployment"":""21ac7a1d-e3b2-439c-8818-0eb1b69b56b4"",""replica"":""deff1601-8d89-4c9a-aef7-3a613d23deec""}",2026-01-10T20:31:11.218356144Z
"[Rejoin] ""Shawn"" attempting to rejoin T3EVNF as host","{""level"":""info""}","{""project"":""d4aae26b-9fab-4baa-93f4-1b393c6d7c8a"",""environment"":""6d4d10f8-ef6e-4a33-ba9c-6a725e4554a8"",""service"":""51cba4c8-134f-4e77-9ac9-02d403d57a06"",""deployment"":""21ac7a1d-e3b2-439c-8818-0eb1b69b56b4"",""replica"":""deff1601-8d89-4c9a-aef7-3a613d23deec""}",2026-01-10T20:31:11.218364105Z
"[Rejoin] ""Shawn"" rejoined T3EVNF as host","{""level"":""info""}","{""project"":""d4aae26b-9fab-4baa-93f4-1b393c6d7c8a"",""environment"":""6d4d10f8-ef6e-4a33-ba9c-6a725e4554a8"",""service"":""51cba4c8-134f-4e77-9ac9-02d403d57a06"",""deployment"":""21ac7a1d-e3b2-439c-8818-0eb1b69b56b4"",""replica"":""deff1601-8d89-4c9a-aef7-3a613d23deec""}",2026-01-10T20:31:11.218371473Z
[Socket] Connected: hlEo9ss2ny20Y6CzAAAV,"{""level"":""info""}","{""project"":""d4aae26b-9fab-4baa-93f4-1b393c6d7c8a"",""environment"":""6d4d10f8-ef6e-4a33-ba9c-6a725e4554a8"",""service"":""51cba4c8-134f-4e77-9ac9-02d403d57a06"",""deployment"":""21ac7a1d-e3b2-439c-8818-0eb1b69b56b4"",""replica"":""deff1601-8d89-4c9a-aef7-3a613d23deec""}",2026-01-10T20:31:11.916395607Z
[Socket] Disconnected: f73piLZmzpf6qa28AAAT,"{""level"":""info""}","{""project"":""d4aae26b-9fab-4baa-93f4-1b393c6d7c8a"",""environment"":""6d4d10f8-ef6e-4a33-ba9c-6a725e4554a8"",""service"":""51cba4c8-134f-4e77-9ac9-02d403d57a06"",""deployment"":""21ac7a1d-e3b2-439c-8818-0eb1b69b56b4"",""replica"":""deff1601-8d89-4c9a-aef7-3a613d23deec""}",2026-01-10T20:32:02.466025089Z
"[Leave] ""Shawn"" left T3EVNF","{""level"":""info""}","{""project"":""d4aae26b-9fab-4baa-93f4-1b393c6d7c8a"",""environment"":""6d4d10f8-ef6e-4a33-ba9c-6a725e4554a8"",""service"":""51cba4c8-134f-4e77-9ac9-02d403d57a06"",""deployment"":""21ac7a1d-e3b2-439c-8818-0eb1b69b56b4"",""replica"":""deff1601-8d89-4c9a-aef7-3a613d23deec""}",2026-01-10T20:32:02.466032602Z
[Socket] Disconnected: hlEo9ss2ny20Y6CzAAAV,"{""level"":""info""}","{""project"":""d4aae26b-9fab-4baa-93f4-1b393c6d7c8a"",""environment"":""6d4d10f8-ef6e-4a33-ba9c-6a725e4554a8"",""service"":""51cba4c8-134f-4e77-9ac9-02d403d57a06"",""deployment"":""21ac7a1d-e3b2-439c-8818-0eb1b69b56b4"",""replica"":""deff1601-8d89-4c9a-aef7-3a613d23deec""}",2026-01-10T20:32:02.466041034Z
[Socket] Connected: nJqZ3p8gJyobDup0AAAX,"{""level"":""info""}","{""project"":""d4aae26b-9fab-4baa-93f4-1b393c6d7c8a"",""environment"":""6d4d10f8-ef6e-4a33-ba9c-6a725e4554a8"",""service"":""51cba4c8-134f-4e77-9ac9-02d403d57a06"",""deployment"":""21ac7a1d-e3b2-439c-8818-0eb1b69b56b4"",""replica"":""deff1601-8d89-4c9a-aef7-3a613d23deec""}",2026-01-10T20:38:36.772871548Z
"[Rejoin] ""Shawn"" attempting to rejoin T3EVNF as host","{""level"":""info""}","{""project"":""d4aae26b-9fab-4baa-93f4-1b393c6d7c8a"",""environment"":""6d4d10f8-ef6e-4a33-ba9c-6a725e4554a8"",""service"":""51cba4c8-134f-4e77-9ac9-02d403d57a06"",""deployment"":""21ac7a1d-e3b2-439c-8818-0eb1b69b56b4"",""replica"":""deff1601-8d89-4c9a-aef7-3a613d23deec""}",2026-01-10T20:38:36.772881162Z
"[Rejoin] ""Shawn"" rejoined T3EVNF as host","{""level"":""info""}","{""project"":""d4aae26b-9fab-4baa-93f4-1b393c6d7c8a"",""environment"":""6d4d10f8-ef6e-4a33-ba9c-6a725e4554a8"",""service"":""51cba4c8-134f-4e77-9ac9-02d403d57a06"",""deployment"":""21ac7a1d-e3b2-439c-8818-0eb1b69b56b4"",""replica"":""deff1601-8d89-4c9a-aef7-3a613d23deec""}",2026-01-10T20:38:36.772889807Z
[Socket] Connected: Um0m_bCEwaPh4WDTAAAZ,"{""level"":""info""}","{""project"":""d4aae26b-9fab-4baa-93f4-1b393c6d7c8a"",""environment"":""6d4d10f8-ef6e-4a33-ba9c-6a725e4554a8"",""service"":""51cba4c8-134f-4e77-9ac9-02d403d57a06"",""deployment"":""21ac7a1d-e3b2-439c-8818-0eb1b69b56b4"",""replica"":""deff1601-8d89-4c9a-aef7-3a613d23deec""}",2026-01-10T20:38:36.772901164Z
[Socket] Disconnected: nJqZ3p8gJyobDup0AAAX,"{""level"":""info""}","{""project"":""d4aae26b-9fab-4baa-93f4-1b393c6d7c8a"",""environment"":""6d4d10f8-ef6e-4a33-ba9c-6a725e4554a8"",""service"":""51cba4c8-134f-4e77-9ac9-02d403d57a06"",""deployment"":""21ac7a1d-e3b2-439c-8818-0eb1b69b56b4"",""replica"":""deff1601-8d89-4c9a-aef7-3a613d23deec""}",2026-01-10T20:39:16.628427496Z
"[Leave] ""Shawn"" left T3EVNF","{""level"":""info""}","{""project"":""d4aae26b-9fab-4baa-93f4-1b393c6d7c8a"",""environment"":""6d4d10f8-ef6e-4a33-ba9c-6a725e4554a8"",""service"":""51cba4c8-134f-4e77-9ac9-02d403d57a06"",""deployment"":""21ac7a1d-e3b2-439c-8818-0eb1b69b56b4"",""replica"":""deff1601-8d89-4c9a-aef7-3a613d23deec""}",2026-01-10T20:39:16.628435251Z
[Socket] Disconnected: Um0m_bCEwaPh4WDTAAAZ,"{""level"":""info""}","{""project"":""d4aae26b-9fab-4baa-93f4-1b393c6d7c8a"",""environment"":""6d4d10f8-ef6e-4a33-ba9c-6a725e4554a8"",""service"":""51cba4c8-134f-4e77-9ac9-02d403d57a06"",""deployment"":""21ac7a1d-e3b2-439c-8818-0eb1b69b56b4"",""replica"":""deff1601-8d89-4c9a-aef7-3a613d23deec""}",2026-01-10T20:39:16.628442731Z
[Socket] Connected: OJq1TDe57j29H1poAAAc,"{""level"":""info""}","{""project"":""d4aae26b-9fab-4baa-93f4-1b393c6d7c8a"",""environment"":""6d4d10f8-ef6e-4a33-ba9c-6a725e4554a8"",""service"":""51cba4c8-134f-4e77-9ac9-02d403d57a06"",""deployment"":""21ac7a1d-e3b2-439c-8818-0eb1b69b56b4"",""replica"":""deff1601-8d89-4c9a-aef7-3a613d23deec""}",2026-01-10T20:54:47.270117687Z
[Socket] Connected: _wLEL5lNWnAkZcZcAAAd,"{""level"":""info""}","{""project"":""d4aae26b-9fab-4baa-93f4-1b393c6d7c8a"",""environment"":""6d4d10f8-ef6e-4a33-ba9c-6a725e4554a8"",""service"":""51cba4c8-134f-4e77-9ac9-02d403d57a06"",""deployment"":""21ac7a1d-e3b2-439c-8818-0eb1b69b56b4"",""replica"":""deff1601-8d89-4c9a-aef7-3a613d23deec""}",2026-01-10T20:54:47.270127517Z
"[Rejoin] ""Shawn"" attempting to rejoin T3EVNF as host","{""level"":""info""}","{""project"":""d4aae26b-9fab-4baa-93f4-1b393c6d7c8a"",""environment"":""6d4d10f8-ef6e-4a33-ba9c-6a725e4554a8"",""service"":""51cba4c8-134f-4e77-9ac9-02d403d57a06"",""deployment"":""21ac7a1d-e3b2-439c-8818-0eb1b69b56b4"",""replica"":""deff1601-8d89-4c9a-aef7-3a613d23deec""}",2026-01-10T20:54:47.270137040Z
"[Rejoin] ""Shawn"" rejoined T3EVNF as host","{""level"":""info""}","{""project"":""d4aae26b-9fab-4baa-93f4-1b393c6d7c8a"",""environment"":""6d4d10f8-ef6e-4a33-ba9c-6a725e4554a8"",""service"":""51cba4c8-134f-4e77-9ac9-02d403d57a06"",""deployment"":""21ac7a1d-e3b2-439c-8818-0eb1b69b56b4"",""replica"":""deff1601-8d89-4c9a-aef7-3a613d23deec""}",2026-01-10T20:54:47.270145110Z
[Socket] Disconnected: OJq1TDe57j29H1poAAAc,"{""level"":""info""}","{""project"":""d4aae26b-9fab-4baa-93f4-1b393c6d7c8a"",""environment"":""6d4d10f8-ef6e-4a33-ba9c-6a725e4554a8"",""service"":""51cba4c8-134f-4e77-9ac9-02d403d57a06"",""deployment"":""21ac7a1d-e3b2-439c-8818-0eb1b69b56b4"",""replica"":""deff1601-8d89-4c9a-aef7-3a613d23deec""}",2026-01-10T20:55:27.375720873Z
[Socket] Disconnected: _wLEL5lNWnAkZcZcAAAd,"{""level"":""info""}","{""project"":""d4aae26b-9fab-4baa-93f4-1b393c6d7c8a"",""environment"":""6d4d10f8-ef6e-4a33-ba9c-6a725e4554a8"",""service"":""51cba4c8-134f-4e77-9ac9-02d403d57a06"",""deployment"":""21ac7a1d-e3b2-439c-8818-0eb1b69b56b4"",""replica"":""deff1601-8d89-4c9a-aef7-3a613d23deec""}",2026-01-10T20:55:27.375731102Z
"[Leave] ""Shawn"" left T3EVNF","{""level"":""info""}","{""project"":""d4aae26b-9fab-4baa-93f4-1b393c6d7c8a"",""environment"":""6d4d10f8-ef6e-4a33-ba9c-6a725e4554a8"",""service"":""51cba4c8-134f-4e77-9ac9-02d403d57a06"",""deployment"":""21ac7a1d-e3b2-439c-8818-0eb1b69b56b4"",""replica"":""deff1601-8d89-4c9a-aef7-3a613d23deec""}",2026-01-10T20:55:27.375741495Z
[Socket] Connected: teqobgRqC7FtQI-2AAAf,"{""level"":""info""}","{""project"":""d4aae26b-9fab-4baa-93f4-1b393c6d7c8a"",""environment"":""6d4d10f8-ef6e-4a33-ba9c-6a725e4554a8"",""service"":""51cba4c8-134f-4e77-9ac9-02d403d57a06"",""deployment"":""21ac7a1d-e3b2-439c-8818-0eb1b69b56b4"",""replica"":""deff1601-8d89-4c9a-aef7-3a613d23deec""}",2026-01-10T21:25:06.277816897Z
"[Rejoin] ""Shawn"" attempting to rejoin T3EVNF as host","{""level"":""info""}","{""project"":""d4aae26b-9fab-4baa-93f4-1b393c6d7c8a"",""environment"":""6d4d10f8-ef6e-4a33-ba9c-6a725e4554a8"",""service"":""51cba4c8-134f-4e77-9ac9-02d403d57a06"",""deployment"":""21ac7a1d-e3b2-439c-8818-0eb1b69b56b4"",""replica"":""deff1601-8d89-4c9a-aef7-3a613d23deec""}",2026-01-10T21:25:06.277832072Z
"[Rejoin] ""Shawn"" rejoined T3EVNF as host","{""level"":""info""}","{""project"":""d4aae26b-9fab-4baa-93f4-1b393c6d7c8a"",""environment"":""6d4d10f8-ef6e-4a33-ba9c-6a725e4554a8"",""service"":""51cba4c8-134f-4e77-9ac9-02d403d57a06"",""deployment"":""21ac7a1d-e3b2-439c-8818-0eb1b69b56b4"",""replica"":""deff1601-8d89-4c9a-aef7-3a613d23deec""}",2026-01-10T21:25:06.277841226Z
[Socket] Connected: Yma0fOJ6PHIPx6aNAAAh,"{""level"":""info""}","{""project"":""d4aae26b-9fab-4baa-93f4-1b393c6d7c8a"",""environment"":""6d4d10f8-ef6e-4a33-ba9c-6a725e4554a8"",""service"":""51cba4c8-134f-4e77-9ac9-02d403d57a06"",""deployment"":""21ac7a1d-e3b2-439c-8818-0eb1b69b56b4"",""replica"":""deff1601-8d89-4c9a-aef7-3a613d23deec""}",2026-01-10T21:25:26.300287850Z
[Socket] Disconnected: teqobgRqC7FtQI-2AAAf,"{""level"":""info""}","{""project"":""d4aae26b-9fab-4baa-93f4-1b393c6d7c8a"",""environment"":""6d4d10f8-ef6e-4a33-ba9c-6a725e4554a8"",""service"":""51cba4c8-134f-4e77-9ac9-02d403d57a06"",""deployment"":""21ac7a1d-e3b2-439c-8818-0eb1b69b56b4"",""replica"":""deff1601-8d89-4c9a-aef7-3a613d23deec""}",2026-01-10T21:26:26.391665360Z
"[Leave] ""Shawn"" left T3EVNF","{""level"":""info""}","{""project"":""d4aae26b-9fab-4baa-93f4-1b393c6d7c8a"",""environment"":""6d4d10f8-ef6e-4a33-ba9c-6a725e4554a8"",""service"":""51cba4c8-134f-4e77-9ac9-02d403d57a06"",""deployment"":""21ac7a1d-e3b2-439c-8818-0eb1b69b56b4"",""replica"":""deff1601-8d89-4c9a-aef7-3a613d23deec""}",2026-01-10T21:26:26.391676427Z
[Socket] Connected: 2frxuIimgbZSnyR9AAAj,"{""level"":""info""}","{""project"":""d4aae26b-9fab-4baa-93f4-1b393c6d7c8a"",""environment"":""6d4d10f8-ef6e-4a33-ba9c-6a725e4554a8"",""service"":""51cba4c8-134f-4e77-9ac9-02d403d57a06"",""deployment"":""21ac7a1d-e3b2-439c-8818-0eb1b69b56b4"",""replica"":""deff1601-8d89-4c9a-aef7-3a613d23deec""}",2026-01-10T21:26:26.391686298Z
"[Rejoin] ""Shawn"" attempting to rejoin T3EVNF as host","{""level"":""info""}","{""project"":""d4aae26b-9fab-4baa-93f4-1b393c6d7c8a"",""environment"":""6d4d10f8-ef6e-4a33-ba9c-6a725e4554a8"",""service"":""51cba4c8-134f-4e77-9ac9-02d403d57a06"",""deployment"":""21ac7a1d-e3b2-439c-8818-0eb1b69b56b4"",""replica"":""deff1601-8d89-4c9a-aef7-3a613d23deec""}",2026-01-10T21:26:26.391694713Z
"[Rejoin] ""Shawn"" rejoined T3EVNF as host","{""level"":""info""}","{""project"":""d4aae26b-9fab-4baa-93f4-1b393c6d7c8a"",""environment"":""6d4d10f8-ef6e-4a33-ba9c-6a725e4554a8"",""service"":""51cba4c8-134f-4e77-9ac9-02d403d57a06"",""deployment"":""21ac7a1d-e3b2-439c-8818-0eb1b69b56b4"",""replica"":""deff1601-8d89-4c9a-aef7-3a613d23deec""}",2026-01-10T21:26:26.391712128Z
[Socket] Disconnected: Yma0fOJ6PHIPx6aNAAAh,"{""level"":""info""}","{""project"":""d4aae26b-9fab-4baa-93f4-1b393c6d7c8a"",""environment"":""6d4d10f8-ef6e-4a33-ba9c-6a725e4554a8"",""service"":""51cba4c8-134f-4e77-9ac9-02d403d57a06"",""deployment"":""21ac7a1d-e3b2-439c-8818-0eb1b69b56b4"",""replica"":""deff1601-8d89-4c9a-aef7-3a613d23deec""}",2026-01-10T21:26:56.610337024Z
[Socket] Disconnected: 2frxuIimgbZSnyR9AAAj,"{""level"":""info""}","{""project"":""d4aae26b-9fab-4baa-93f4-1b393c6d7c8a"",""environment"":""6d4d10f8-ef6e-4a33-ba9c-6a725e4554a8"",""service"":""51cba4c8-134f-4e77-9ac9-02d403d57a06"",""deployment"":""21ac7a1d-e3b2-439c-8818-0eb1b69b56b4"",""replica"":""deff1601-8d89-4c9a-aef7-3a613d23deec""}",2026-01-10T21:27:02.154619899Z
"[Leave] ""Shawn"" left T3EVNF","{""level"":""info""}","{""project"":""d4aae26b-9fab-4baa-93f4-1b393c6d7c8a"",""environment"":""6d4d10f8-ef6e-4a33-ba9c-6a725e4554a8"",""service"":""51cba4c8-134f-4e77-9ac9-02d403d57a06"",""deployment"":""21ac7a1d-e3b2-439c-8818-0eb1b69b56b4"",""replica"":""deff1601-8d89-4c9a-aef7-3a613d23deec""}",2026-01-10T21:27:02.154633823Z
[Socket] Connected: 2tb1vf3wSgpDUKUiAAAl,"{""level"":""info""}","{""project"":""d4aae26b-9fab-4baa-93f4-1b393c6d7c8a"",""environment"":""6d4d10f8-ef6e-4a33-ba9c-6a725e4554a8"",""service"":""51cba4c8-134f-4e77-9ac9-02d403d57a06"",""deployment"":""21ac7a1d-e3b2-439c-8818-0eb1b69b56b4"",""replica"":""deff1601-8d89-4c9a-aef7-3a613d23deec""}",2026-01-10T21:27:31.878568340Z
[Socket] Connected: qeu0w5ozwUobbM5MAAAn,"{""level"":""info""}","{""project"":""d4aae26b-9fab-4baa-93f4-1b393c6d7c8a"",""environment"":""6d4d10f8-ef6e-4a33-ba9c-6a725e4554a8"",""service"":""51cba4c8-134f-4e77-9ac9-02d403d57a06"",""deployment"":""21ac7a1d-e3b2-439c-8818-0eb1b69b56b4"",""replica"":""deff1601-8d89-4c9a-aef7-3a613d23deec""}",2026-01-10T21:27:34.059865432Z
"[Rejoin] ""Shawn"" attempting to rejoin T3EVNF as host","{""level"":""info""}","{""project"":""d4aae26b-9fab-4baa-93f4-1b393c6d7c8a"",""environment"":""6d4d10f8-ef6e-4a33-ba9c-6a725e4554a8"",""service"":""51cba4c8-134f-4e77-9ac9-02d403d57a06"",""deployment"":""21ac7a1d-e3b2-439c-8818-0eb1b69b56b4"",""replica"":""deff1601-8d89-4c9a-aef7-3a613d23deec""}",2026-01-10T21:27:34.059876456Z
"[Rejoin] ""Shawn"" rejoined T3EVNF as host","{""level"":""info""}","{""project"":""d4aae26b-9fab-4baa-93f4-1b393c6d7c8a"",""environment"":""6d4d10f8-ef6e-4a33-ba9c-6a725e4554a8"",""service"":""51cba4c8-134f-4e77-9ac9-02d403d57a06"",""deployment"":""21ac7a1d-e3b2-439c-8818-0eb1b69b56b4"",""replica"":""deff1601-8d89-4c9a-aef7-3a613d23deec""}",2026-01-10T21:27:34.059884243Z
[Socket] Disconnected: qeu0w5ozwUobbM5MAAAn,"{""level"":""info""}","{""project"":""d4aae26b-9fab-4baa-93f4-1b393c6d7c8a"",""environment"":""6d4d10f8-ef6e-4a33-ba9c-6a725e4554a8"",""service"":""51cba4c8-134f-4e77-9ac9-02d403d57a06"",""deployment"":""21ac7a1d-e3b2-439c-8818-0eb1b69b56b4"",""replica"":""deff1601-8d89-4c9a-aef7-3a613d23deec""}",2026-01-10T21:28:15.003462712Z
"[Leave] ""Shawn"" left T3EVNF","{""level"":""info""}","{""project"":""d4aae26b-9fab-4baa-93f4-1b393c6d7c8a"",""environment"":""6d4d10f8-ef6e-4a33-ba9c-6a725e4554a8"",""service"":""51cba4c8-134f-4e77-9ac9-02d403d57a06"",""deployment"":""21ac7a1d-e3b2-439c-8818-0eb1b69b56b4"",""replica"":""deff1601-8d89-4c9a-aef7-3a613d23deec""}",2026-01-10T21:28:15.003495345Z
[Socket] Disconnected: 2tb1vf3wSgpDUKUiAAAl,"{""level"":""info""}","{""project"":""d4aae26b-9fab-4baa-93f4-1b393c6d7c8a"",""environment"":""6d4d10f8-ef6e-4a33-ba9c-6a725e4554a8"",""service"":""51cba4c8-134f-4e77-9ac9-02d403d57a06"",""deployment"":""21ac7a1d-e3b2-439c-8818-0eb1b69b56b4"",""replica"":""deff1601-8d89-4c9a-aef7-3a613d23deec""}",2026-01-10T21:28:15.003631481Z
[Socket] Connected: Y1fAOPPaWsBy8YraAAAp,"{""level"":""info""}","{""project"":""d4aae26b-9fab-4baa-93f4-1b393c6d7c8a"",""environment"":""6d4d10f8-ef6e-4a33-ba9c-6a725e4554a8"",""service"":""51cba4c8-134f-4e77-9ac9-02d403d57a06"",""deployment"":""21ac7a1d-e3b2-439c-8818-0eb1b69b56b4"",""replica"":""deff1601-8d89-4c9a-aef7-3a613d23deec""}",2026-01-10T21:38:11.825319534Z
[Socket] Connected: 2lc_xDMqLOdGYOaEAAAr,"{""level"":""info""}","{""project"":""d4aae26b-9fab-4baa-93f4-1b393c6d7c8a"",""environment"":""6d4d10f8-ef6e-4a33-ba9c-6a725e4554a8"",""service"":""51cba4c8-134f-4e77-9ac9-02d403d57a06"",""deployment"":""21ac7a1d-e3b2-439c-8818-0eb1b69b56b4"",""replica"":""deff1601-8d89-4c9a-aef7-3a613d23deec""}",2026-01-10T21:38:15.473803491Z
"[Rejoin] ""Shawn"" attempting to rejoin T3EVNF as host","{""level"":""info""}","{""project"":""d4aae26b-9fab-4baa-93f4-1b393c6d7c8a"",""environment"":""6d4d10f8-ef6e-4a33-ba9c-6a725e4554a8"",""service"":""51cba4c8-134f-4e77-9ac9-02d403d57a06"",""deployment"":""21ac7a1d-e3b2-439c-8818-0eb1b69b56b4"",""replica"":""deff1601-8d89-4c9a-aef7-3a613d23deec""}",2026-01-10T21:38:15.519394201Z
"[Rejoin] ""Shawn"" rejoined T3EVNF as host","{""level"":""info""}","{""project"":""d4aae26b-9fab-4baa-93f4-1b393c6d7c8a"",""environment"":""6d4d10f8-ef6e-4a33-ba9c-6a725e4554a8"",""service"":""51cba4c8-134f-4e77-9ac9-02d403d57a06"",""deployment"":""21ac7a1d-e3b2-439c-8818-0eb1b69b56b4"",""replica"":""deff1601-8d89-4c9a-aef7-3a613d23deec""}",2026-01-10T21:38:15.519405431Z
[Socket] Disconnected: 2lc_xDMqLOdGYOaEAAAr,"{""level"":""info""}","{""project"":""d4aae26b-9fab-4baa-93f4-1b393c6d7c8a"",""environment"":""6d4d10f8-ef6e-4a33-ba9c-6a725e4554a8"",""service"":""51cba4c8-134f-4e77-9ac9-02d403d57a06"",""deployment"":""21ac7a1d-e3b2-439c-8818-0eb1b69b56b4"",""replica"":""deff1601-8d89-4c9a-aef7-3a613d23deec""}",2026-01-10T21:39:05.402624862Z
"[Leave] ""Shawn"" left T3EVNF","{""level"":""info""}","{""project"":""d4aae26b-9fab-4baa-93f4-1b393c6d7c8a"",""environment"":""6d4d10f8-ef6e-4a33-ba9c-6a725e4554a8"",""service"":""51cba4c8-134f-4e77-9ac9-02d403d57a06"",""deployment"":""21ac7a1d-e3b2-439c-8818-0eb1b69b56b4"",""replica"":""deff1601-8d89-4c9a-aef7-3a613d23deec""}",2026-01-10T21:39:05.402632381Z
[Socket] Connected: ZrAXlmrL1uHLJQJ9AAAt,"{""level"":""info""}","{""project"":""d4aae26b-9fab-4baa-93f4-1b393c6d7c8a"",""environment"":""6d4d10f8-ef6e-4a33-ba9c-6a725e4554a8"",""service"":""51cba4c8-134f-4e77-9ac9-02d403d57a06"",""deployment"":""21ac7a1d-e3b2-439c-8818-0eb1b69b56b4"",""replica"":""deff1601-8d89-4c9a-aef7-3a613d23deec""}",2026-01-10T21:39:05.402639834Z
"[Rejoin] ""Shawn"" attempting to rejoin T3EVNF as host","{""level"":""info""}","{""project"":""d4aae26b-9fab-4baa-93f4-1b393c6d7c8a"",""environment"":""6d4d10f8-ef6e-4a33-ba9c-6a725e4554a8"",""service"":""51cba4c8-134f-4e77-9ac9-02d403d57a06"",""deployment"":""21ac7a1d-e3b2-439c-8818-0eb1b69b56b4"",""replica"":""deff1601-8d89-4c9a-aef7-3a613d23deec""}",2026-01-10T21:39:05.402646954Z
"[Rejoin] ""Shawn"" rejoined T3EVNF as host","{""level"":""info""}","{""project"":""d4aae26b-9fab-4baa-93f4-1b393c6d7c8a"",""environment"":""6d4d10f8-ef6e-4a33-ba9c-6a725e4554a8"",""service"":""51cba4c8-134f-4e77-9ac9-02d403d57a06"",""deployment"":""21ac7a1d-e3b2-439c-8818-0eb1b69b56b4"",""replica"":""deff1601-8d89-4c9a-aef7-3a613d23deec""}",2026-01-10T21:39:05.402654307Z
[Socket] Disconnected: Y1fAOPPaWsBy8YraAAAp,"{""level"":""info""}","{""project"":""d4aae26b-9fab-4baa-93f4-1b393c6d7c8a"",""environment"":""6d4d10f8-ef6e-4a33-ba9c-6a725e4554a8"",""service"":""51cba4c8-134f-4e77-9ac9-02d403d57a06"",""deployment"":""21ac7a1d-e3b2-439c-8818-0eb1b69b56b4"",""replica"":""deff1601-8d89-4c9a-aef7-3a613d23deec""}",2026-01-10T21:39:45.404026937Z
[Socket] Disconnected: ZrAXlmrL1uHLJQJ9AAAt,"{""level"":""info""}","{""project"":""d4aae26b-9fab-4baa-93f4-1b393c6d7c8a"",""environment"":""6d4d10f8-ef6e-4a33-ba9c-6a725e4554a8"",""service"":""51cba4c8-134f-4e77-9ac9-02d403d57a06"",""deployment"":""21ac7a1d-e3b2-439c-8818-0eb1b69b56b4"",""replica"":""deff1601-8d89-4c9a-aef7-3a613d23deec""}",2026-01-10T21:39:45.404040668Z
"[Leave] ""Shawn"" left T3EVNF","{""level"":""info""}","{""project"":""d4aae26b-9fab-4baa-93f4-1b393c6d7c8a"",""environment"":""6d4d10f8-ef6e-4a33-ba9c-6a725e4554a8"",""service"":""51cba4c8-134f-4e77-9ac9-02d403d57a06"",""deployment"":""21ac7a1d-e3b2-439c-8818-0eb1b69b56b4"",""replica"":""deff1601-8d89-4c9a-aef7-3a613d23deec""}",2026-01-10T21:39:45.404049528Z
[Socket] Connected: u4RL70LucBUo-BunAAAv,"{""level"":""info""}","{""project"":""d4aae26b-9fab-4baa-93f4-1b393c6d7c8a"",""environment"":""6d4d10f8-ef6e-4a33-ba9c-6a725e4554a8"",""service"":""51cba4c8-134f-4e77-9ac9-02d403d57a06"",""deployment"":""21ac7a1d-e3b2-439c-8818-0eb1b69b56b4"",""replica"":""deff1601-8d89-4c9a-aef7-3a613d23deec""}",2026-01-10T21:40:45.560286188Z
"[Rejoin] ""Shawn"" attempting to rejoin T3EVNF as host","{""level"":""info""}","{""project"":""d4aae26b-9fab-4baa-93f4-1b393c6d7c8a"",""environment"":""6d4d10f8-ef6e-4a33-ba9c-6a725e4554a8"",""service"":""51cba4c8-134f-4e77-9ac9-02d403d57a06"",""deployment"":""21ac7a1d-e3b2-439c-8818-0eb1b69b56b4"",""replica"":""deff1601-8d89-4c9a-aef7-3a613d23deec""}",2026-01-10T21:40:45.560294655Z
"[Rejoin] ""Shawn"" rejoined T3EVNF as host","{""level"":""info""}","{""project"":""d4aae26b-9fab-4baa-93f4-1b393c6d7c8a"",""environment"":""6d4d10f8-ef6e-4a33-ba9c-6a725e4554a8"",""service"":""51cba4c8-134f-4e77-9ac9-02d403d57a06"",""deployment"":""21ac7a1d-e3b2-439c-8818-0eb1b69b56b4"",""replica"":""deff1601-8d89-4c9a-aef7-3a613d23deec""}",2026-01-10T21:40:45.560302298Z
[Socket] Disconnected: u4RL70LucBUo-BunAAAv,"{""level"":""info""}","{""project"":""d4aae26b-9fab-4baa-93f4-1b393c6d7c8a"",""environment"":""6d4d10f8-ef6e-4a33-ba9c-6a725e4554a8"",""service"":""51cba4c8-134f-4e77-9ac9-02d403d57a06"",""deployment"":""21ac7a1d-e3b2-439c-8818-0eb1b69b56b4"",""replica"":""deff1601-8d89-4c9a-aef7-3a613d23deec""}",2026-01-10T21:41:25.656616523Z
"[Leave] ""Shawn"" left T3EVNF","{""level"":""info""}","{""project"":""d4aae26b-9fab-4baa-93f4-1b393c6d7c8a"",""environment"":""6d4d10f8-ef6e-4a33-ba9c-6a725e4554a8"",""service"":""51cba4c8-134f-4e77-9ac9-02d403d57a06"",""deployment"":""21ac7a1d-e3b2-439c-8818-0eb1b69b56b4"",""replica"":""deff1601-8d89-4c9a-aef7-3a613d23deec""}",2026-01-10T21:41:25.656631698Z
[Socket] Connected: JF9aTol_k05kXI5CAAAx,"{""level"":""info""}","{""project"":""d4aae26b-9fab-4baa-93f4-1b393c6d7c8a"",""environment"":""6d4d10f8-ef6e-4a33-ba9c-6a725e4554a8"",""service"":""51cba4c8-134f-4e77-9ac9-02d403d57a06"",""deployment"":""21ac7a1d-e3b2-439c-8818-0eb1b69b56b4"",""replica"":""deff1601-8d89-4c9a-aef7-3a613d23deec""}",2026-01-10T21:45:08.497400703Z
"[Rejoin] ""Shawn"" attempting to rejoin T3EVNF as host","{""level"":""info""}","{""project"":""d4aae26b-9fab-4baa-93f4-1b393c6d7c8a"",""environment"":""6d4d10f8-ef6e-4a33-ba9c-6a725e4554a8"",""service"":""51cba4c8-134f-4e77-9ac9-02d403d57a06"",""deployment"":""21ac7a1d-e3b2-439c-8818-0eb1b69b56b4"",""replica"":""deff1601-8d89-4c9a-aef7-3a613d23deec""}",2026-01-10T21:45:08.497413558Z
"[Rejoin] ""Shawn"" rejoined T3EVNF as host","{""level"":""info""}","{""project"":""d4aae26b-9fab-4baa-93f4-1b393c6d7c8a"",""environment"":""6d4d10f8-ef6e-4a33-ba9c-6a725e4554a8"",""service"":""51cba4c8-134f-4e77-9ac9-02d403d57a06"",""deployment"":""21ac7a1d-e3b2-439c-8818-0eb1b69b56b4"",""replica"":""deff1601-8d89-4c9a-aef7-3a613d23deec""}",2026-01-10T21:45:08.497421915Z
[Socket] Disconnected: JF9aTol_k05kXI5CAAAx,"{""level"":""info""}","{""project"":""d4aae26b-9fab-4baa-93f4-1b393c6d7c8a"",""environment"":""6d4d10f8-ef6e-4a33-ba9c-6a725e4554a8"",""service"":""51cba4c8-134f-4e77-9ac9-02d403d57a06"",""deployment"":""21ac7a1d-e3b2-439c-8818-0eb1b69b56b4"",""replica"":""deff1601-8d89-4c9a-aef7-3a613d23deec""}",2026-01-10T21:45:58.436874957Z
"[Leave] ""Shawn"" left T3EVNF","{""level"":""info""}","{""project"":""d4aae26b-9fab-4baa-93f4-1b393c6d7c8a"",""environment"":""6d4d10f8-ef6e-4a33-ba9c-6a725e4554a8"",""service"":""51cba4c8-134f-4e77-9ac9-02d403d57a06"",""deployment"":""21ac7a1d-e3b2-439c-8818-0eb1b69b56b4"",""replica"":""deff1601-8d89-4c9a-aef7-3a613d23deec""}",2026-01-10T21:45:58.436994118Z
[Socket] Connected: 5OkH7ZuBwSgHIGKuAAAz,"{""level"":""info""}","{""project"":""d4aae26b-9fab-4baa-93f4-1b393c6d7c8a"",""environment"":""6d4d10f8-ef6e-4a33-ba9c-6a725e4554a8"",""service"":""51cba4c8-134f-4e77-9ac9-02d403d57a06"",""deployment"":""21ac7a1d-e3b2-439c-8818-0eb1b69b56b4"",""replica"":""deff1601-8d89-4c9a-aef7-3a613d23deec""}",2026-01-10T22:01:30.157524125Z
"[Rejoin] ""Shawn"" attempting to rejoin T3EVNF as host","{""level"":""info""}","{""project"":""d4aae26b-9fab-4baa-93f4-1b393c6d7c8a"",""environment"":""6d4d10f8-ef6e-4a33-ba9c-6a725e4554a8"",""service"":""51cba4c8-134f-4e77-9ac9-02d403d57a06"",""deployment"":""21ac7a1d-e3b2-439c-8818-0eb1b69b56b4"",""replica"":""deff1601-8d89-4c9a-aef7-3a613d23deec""}",2026-01-10T22:01:30.157532169Z
"[Rejoin] ""Shawn"" rejoined T3EVNF as host","{""level"":""info""}","{""project"":""d4aae26b-9fab-4baa-93f4-1b393c6d7c8a"",""environment"":""6d4d10f8-ef6e-4a33-ba9c-6a725e4554a8"",""service"":""51cba4c8-134f-4e77-9ac9-02d403d57a06"",""deployment"":""21ac7a1d-e3b2-439c-8818-0eb1b69b56b4"",""replica"":""deff1601-8d89-4c9a-aef7-3a613d23deec""}",2026-01-10T22:01:30.157540219Z
[Socket] Disconnected: 5OkH7ZuBwSgHIGKuAAAz,"{""level"":""info""}","{""project"":""d4aae26b-9fab-4baa-93f4-1b393c6d7c8a"",""environment"":""6d4d10f8-ef6e-4a33-ba9c-6a725e4554a8"",""service"":""51cba4c8-134f-4e77-9ac9-02d403d57a06"",""deployment"":""21ac7a1d-e3b2-439c-8818-0eb1b69b56b4"",""replica"":""deff1601-8d89-4c9a-aef7-3a613d23deec""}",2026-01-10T22:03:00.501139903Z
"[Leave] ""Shawn"" left T3EVNF","{""level"":""info""}","{""project"":""d4aae26b-9fab-4baa-93f4-1b393c6d7c8a"",""environment"":""6d4d10f8-ef6e-4a33-ba9c-6a725e4554a8"",""service"":""51cba4c8-134f-4e77-9ac9-02d403d57a06"",""deployment"":""21ac7a1d-e3b2-439c-8818-0eb1b69b56b4"",""replica"":""deff1601-8d89-4c9a-aef7-3a613d23deec""}",2026-01-10T22:03:00.501153508Z
[Socket] Connected: 1LJI4tQ_npr2XNxcAAA1,"{""level"":""info""}","{""project"":""d4aae26b-9fab-4baa-93f4-1b393c6d7c8a"",""environment"":""6d4d10f8-ef6e-4a33-ba9c-6a725e4554a8"",""service"":""51cba4c8-134f-4e77-9ac9-02d403d57a06"",""deployment"":""21ac7a1d-e3b2-439c-8818-0eb1b69b56b4"",""replica"":""deff1601-8d89-4c9a-aef7-3a613d23deec""}",2026-01-10T22:16:22.716151907Z
"[Rejoin] ""Shawn"" attempting to rejoin T3EVNF as host","{""level"":""info""}","{""project"":""d4aae26b-9fab-4baa-93f4-1b393c6d7c8a"",""environment"":""6d4d10f8-ef6e-4a33-ba9c-6a725e4554a8"",""service"":""51cba4c8-134f-4e77-9ac9-02d403d57a06"",""deployment"":""21ac7a1d-e3b2-439c-8818-0eb1b69b56b4"",""replica"":""deff1601-8d89-4c9a-aef7-3a613d23deec""}",2026-01-10T22:16:22.716166372Z
"[Rejoin] ""Shawn"" rejoined T3EVNF as host","{""level"":""info""}","{""project"":""d4aae26b-9fab-4baa-93f4-1b393c6d7c8a"",""environment"":""6d4d10f8-ef6e-4a33-ba9c-6a725e4554a8"",""service"":""51cba4c8-134f-4e77-9ac9-02d403d57a06"",""deployment"":""21ac7a1d-e3b2-439c-8818-0eb1b69b56b4"",""replica"":""deff1601-8d89-4c9a-aef7-3a613d23deec""}",2026-01-10T22:16:22.716175375Z
[Socket] Disconnected: 1LJI4tQ_npr2XNxcAAA1,"{""level"":""info""}","{""project"":""d4aae26b-9fab-4baa-93f4-1b393c6d7c8a"",""environment"":""6d4d10f8-ef6e-4a33-ba9c-6a725e4554a8"",""service"":""51cba4c8-134f-4e77-9ac9-02d403d57a06"",""deployment"":""21ac7a1d-e3b2-439c-8818-0eb1b69b56b4"",""replica"":""deff1601-8d89-4c9a-aef7-3a613d23deec""}",2026-01-10T22:37:15.629667203Z
"[Leave] ""Shawn"" left T3EVNF","{""level"":""info""}","{""project"":""d4aae26b-9fab-4baa-93f4-1b393c6d7c8a"",""environment"":""6d4d10f8-ef6e-4a33-ba9c-6a725e4554a8"",""service"":""51cba4c8-134f-4e77-9ac9-02d403d57a06"",""deployment"":""21ac7a1d-e3b2-439c-8818-0eb1b69b56b4"",""replica"":""deff1601-8d89-4c9a-aef7-3a613d23deec""}",2026-01-10T22:37:15.629681624Z
[Socket] Connected: DhGQ5HO5Oa9bRJc6AAA3,"{""level"":""info""}","{""project"":""d4aae26b-9fab-4baa-93f4-1b393c6d7c8a"",""environment"":""6d4d10f8-ef6e-4a33-ba9c-6a725e4554a8"",""service"":""51cba4c8-134f-4e77-9ac9-02d403d57a06"",""deployment"":""21ac7a1d-e3b2-439c-8818-0eb1b69b56b4"",""replica"":""deff1601-8d89-4c9a-aef7-3a613d23deec""}",2026-01-10T22:52:38.338212470Z
"[Rejoin] ""Shawn"" attempting to rejoin T3EVNF as host","{""level"":""info""}","{""project"":""d4aae26b-9fab-4baa-93f4-1b393c6d7c8a"",""environment"":""6d4d10f8-ef6e-4a33-ba9c-6a725e4554a8"",""service"":""51cba4c8-134f-4e77-9ac9-02d403d57a06"",""deployment"":""21ac7a1d-e3b2-439c-8818-0eb1b69b56b4"",""replica"":""deff1601-8d89-4c9a-aef7-3a613d23deec""}",2026-01-10T22:52:38.338221106Z
"[Rejoin] ""Shawn"" rejoined T3EVNF as host","{""level"":""info""}","{""project"":""d4aae26b-9fab-4baa-93f4-1b393c6d7c8a"",""environment"":""6d4d10f8-ef6e-4a33-ba9c-6a725e4554a8"",""service"":""51cba4c8-134f-4e77-9ac9-02d403d57a06"",""deployment"":""21ac7a1d-e3b2-439c-8818-0eb1b69b56b4"",""replica"":""deff1601-8d89-4c9a-aef7-3a613d23deec""}",2026-01-10T22:52:38.338229866Z
[Socket] Disconnected: DhGQ5HO5Oa9bRJc6AAA3,"{""level"":""info""}","{""project"":""d4aae26b-9fab-4baa-93f4-1b393c6d7c8a"",""environment"":""6d4d10f8-ef6e-4a33-ba9c-6a725e4554a8"",""service"":""51cba4c8-134f-4e77-9ac9-02d403d57a06"",""deployment"":""21ac7a1d-e3b2-439c-8818-0eb1b69b56b4"",""replica"":""deff1601-8d89-4c9a-aef7-3a613d23deec""}",2026-01-10T22:54:19.163924276Z
"[Leave] ""Shawn"" left T3EVNF","{""level"":""info""}","{""project"":""d4aae26b-9fab-4baa-93f4-1b393c6d7c8a"",""environment"":""6d4d10f8-ef6e-4a33-ba9c-6a725e4554a8"",""service"":""51cba4c8-134f-4e77-9ac9-02d403d57a06"",""deployment"":""21ac7a1d-e3b2-439c-8818-0eb1b69b56b4"",""replica"":""deff1601-8d89-4c9a-aef7-3a613d23deec""}",2026-01-10T22:54:19.163931889Z
[Socket] Connected: t45onKEOz0Z00HyzAAA5,"{""level"":""info""}","{""project"":""d4aae26b-9fab-4baa-93f4-1b393c6d7c8a"",""environment"":""6d4d10f8-ef6e-4a33-ba9c-6a725e4554a8"",""service"":""51cba4c8-134f-4e77-9ac9-02d403d57a06"",""deployment"":""21ac7a1d-e3b2-439c-8818-0eb1b69b56b4"",""replica"":""deff1601-8d89-4c9a-aef7-3a613d23deec""}",2026-01-10T23:11:13.452051503Z
"[Rejoin] ""Shawn"" attempting to rejoin T3EVNF as host","{""level"":""info""}","{""project"":""d4aae26b-9fab-4baa-93f4-1b393c6d7c8a"",""environment"":""6d4d10f8-ef6e-4a33-ba9c-6a725e4554a8"",""service"":""51cba4c8-134f-4e77-9ac9-02d403d57a06"",""deployment"":""21ac7a1d-e3b2-439c-8818-0eb1b69b56b4"",""replica"":""deff1601-8d89-4c9a-aef7-3a613d23deec""}",2026-01-10T23:11:13.452059104Z
"[Rejoin] ""Shawn"" rejoined T3EVNF as host","{""level"":""info""}","{""project"":""d4aae26b-9fab-4baa-93f4-1b393c6d7c8a"",""environment"":""6d4d10f8-ef6e-4a33-ba9c-6a725e4554a8"",""service"":""51cba4c8-134f-4e77-9ac9-02d403d57a06"",""deployment"":""21ac7a1d-e3b2-439c-8818-0eb1b69b56b4"",""replica"":""deff1601-8d89-4c9a-aef7-3a613d23deec""}",2026-01-10T23:11:13.452066437Z
[Socket] Disconnected: t45onKEOz0Z00HyzAAA5,"{""level"":""info""}","{""project"":""d4aae26b-9fab-4baa-93f4-1b393c6d7c8a"",""environment"":""6d4d10f8-ef6e-4a33-ba9c-6a725e4554a8"",""service"":""51cba4c8-134f-4e77-9ac9-02d403d57a06"",""deployment"":""21ac7a1d-e3b2-439c-8818-0eb1b69b56b4"",""replica"":""deff1601-8d89-4c9a-aef7-3a613d23deec""}",2026-01-10T23:13:44.732390217Z
"[Leave] ""Shawn"" left T3EVNF","{""level"":""info""}","{""project"":""d4aae26b-9fab-4baa-93f4-1b393c6d7c8a"",""environment"":""6d4d10f8-ef6e-4a33-ba9c-6a725e4554a8"",""service"":""51cba4c8-134f-4e77-9ac9-02d403d57a06"",""deployment"":""21ac7a1d-e3b2-439c-8818-0eb1b69b56b4"",""replica"":""deff1601-8d89-4c9a-aef7-3a613d23deec""}",2026-01-10T23:13:44.732403320Z
[Socket] Connected: nV7FHfSaDZMTvtceAAA7,"{""level"":""info""}","{""project"":""d4aae26b-9fab-4baa-93f4-1b393c6d7c8a"",""environment"":""6d4d10f8-ef6e-4a33-ba9c-6a725e4554a8"",""service"":""51cba4c8-134f-4e77-9ac9-02d403d57a06"",""deployment"":""21ac7a1d-e3b2-439c-8818-0eb1b69b56b4"",""replica"":""deff1601-8d89-4c9a-aef7-3a613d23deec""}",2026-01-10T23:18:37.496331933Z
"[Rejoin] ""Shawn"" attempting to rejoin T3EVNF as host","{""level"":""info""}","{""project"":""d4aae26b-9fab-4baa-93f4-1b393c6d7c8a"",""environment"":""6d4d10f8-ef6e-4a33-ba9c-6a725e4554a8"",""service"":""51cba4c8-134f-4e77-9ac9-02d403d57a06"",""deployment"":""21ac7a1d-e3b2-439c-8818-0eb1b69b56b4"",""replica"":""deff1601-8d89-4c9a-aef7-3a613d23deec""}",2026-01-10T23:18:37.496342261Z
"[Rejoin] ""Shawn"" rejoined T3EVNF as host","{""level"":""info""}","{""project"":""d4aae26b-9fab-4baa-93f4-1b393c6d7c8a"",""environment"":""6d4d10f8-ef6e-4a33-ba9c-6a725e4554a8"",""service"":""51cba4c8-134f-4e77-9ac9-02d403d57a06"",""deployment"":""21ac7a1d-e3b2-439c-8818-0eb1b69b56b4"",""replica"":""deff1601-8d89-4c9a-aef7-3a613d23deec""}",2026-01-10T23:18:37.496352089Z
[Socket] Disconnected: nV7FHfSaDZMTvtceAAA7,"{""level"":""info""}","{""project"":""d4aae26b-9fab-4baa-93f4-1b393c6d7c8a"",""environment"":""6d4d10f8-ef6e-4a33-ba9c-6a725e4554a8"",""service"":""51cba4c8-134f-4e77-9ac9-02d403d57a06"",""deployment"":""21ac7a1d-e3b2-439c-8818-0eb1b69b56b4"",""replica"":""deff1601-8d89-4c9a-aef7-3a613d23deec""}",2026-01-10T23:20:59.418954740Z
"[Leave] ""Shawn"" left T3EVNF","{""level"":""info""}","{""project"":""d4aae26b-9fab-4baa-93f4-1b393c6d7c8a"",""environment"":""6d4d10f8-ef6e-4a33-ba9c-6a725e4554a8"",""service"":""51cba4c8-134f-4e77-9ac9-02d403d57a06"",""deployment"":""21ac7a1d-e3b2-439c-8818-0eb1b69b56b4"",""replica"":""deff1601-8d89-4c9a-aef7-3a613d23deec""}",2026-01-10T23:20:59.418962445Z
[Socket] Connected: bDKuiWfjL3_BtJxIAAA9,"{""level"":""info""}","{""project"":""d4aae26b-9fab-4baa-93f4-1b393c6d7c8a"",""environment"":""6d4d10f8-ef6e-4a33-ba9c-6a725e4554a8"",""service"":""51cba4c8-134f-4e77-9ac9-02d403d57a06"",""deployment"":""21ac7a1d-e3b2-439c-8818-0eb1b69b56b4"",""replica"":""deff1601-8d89-4c9a-aef7-3a613d23deec""}",2026-01-10T23:36:03.705089076Z
"[Rejoin] ""Shawn"" attempting to rejoin T3EVNF as host","{""level"":""info""}","{""project"":""d4aae26b-9fab-4baa-93f4-1b393c6d7c8a"",""environment"":""6d4d10f8-ef6e-4a33-ba9c-6a725e4554a8"",""service"":""51cba4c8-134f-4e77-9ac9-02d403d57a06"",""deployment"":""21ac7a1d-e3b2-439c-8818-0eb1b69b56b4"",""replica"":""deff1601-8d89-4c9a-aef7-3a613d23deec""}",2026-01-10T23:36:03.705098026Z
"[Rejoin] ""Shawn"" rejoined T3EVNF as host","{""level"":""info""}","{""project"":""d4aae26b-9fab-4baa-93f4-1b393c6d7c8a"",""environment"":""6d4d10f8-ef6e-4a33-ba9c-6a725e4554a8"",""service"":""51cba4c8-134f-4e77-9ac9-02d403d57a06"",""deployment"":""21ac7a1d-e3b2-439c-8818-0eb1b69b56b4"",""replica"":""deff1601-8d89-4c9a-aef7-3a613d23deec""}",2026-01-10T23:36:03.705106885Z
[Socket] Disconnected: bDKuiWfjL3_BtJxIAAA9,"{""level"":""info""}","{""project"":""d4aae26b-9fab-4baa-93f4-1b393c6d7c8a"",""environment"":""6d4d10f8-ef6e-4a33-ba9c-6a725e4554a8"",""service"":""51cba4c8-134f-4e77-9ac9-02d403d57a06"",""deployment"":""21ac7a1d-e3b2-439c-8818-0eb1b69b56b4"",""replica"":""deff1601-8d89-4c9a-aef7-3a613d23deec""}",2026-01-10T23:38:04.750404061Z
"[Leave] ""Shawn"" left T3EVNF","{""level"":""info""}","{""project"":""d4aae26b-9fab-4baa-93f4-1b393c6d7c8a"",""environment"":""6d4d10f8-ef6e-4a33-ba9c-6a725e4554a8"",""service"":""51cba4c8-134f-4e77-9ac9-02d403d57a06"",""deployment"":""21ac7a1d-e3b2-439c-8818-0eb1b69b56b4"",""replica"":""deff1601-8d89-4c9a-aef7-3a613d23deec""}",2026-01-10T23:38:04.750413988Z
[Socket] Connected: zxekRf85g2YHXGdTAAA_,"{""level"":""info""}","{""project"":""d4aae26b-9fab-4baa-93f4-1b393c6d7c8a"",""environment"":""6d4d10f8-ef6e-4a33-ba9c-6a725e4554a8"",""service"":""51cba4c8-134f-4e77-9ac9-02d403d57a06"",""deployment"":""21ac7a1d-e3b2-439c-8818-0eb1b69b56b4"",""replica"":""deff1601-8d89-4c9a-aef7-3a613d23deec""}",2026-01-10T23:39:55.538193770Z
"[Rejoin] ""Shawn"" attempting to rejoin T3EVNF as host","{""level"":""info""}","{""project"":""d4aae26b-9fab-4baa-93f4-1b393c6d7c8a"",""environment"":""6d4d10f8-ef6e-4a33-ba9c-6a725e4554a8"",""service"":""51cba4c8-134f-4e77-9ac9-02d403d57a06"",""deployment"":""21ac7a1d-e3b2-439c-8818-0eb1b69b56b4"",""replica"":""deff1601-8d89-4c9a-aef7-3a613d23deec""}",2026-01-10T23:39:55.538201891Z
"[Rejoin] ""Shawn"" rejoined T3EVNF as host","{""level"":""info""}","{""project"":""d4aae26b-9fab-4baa-93f4-1b393c6d7c8a"",""environment"":""6d4d10f8-ef6e-4a33-ba9c-6a725e4554a8"",""service"":""51cba4c8-134f-4e77-9ac9-02d403d57a06"",""deployment"":""21ac7a1d-e3b2-439c-8818-0eb1b69b56b4"",""replica"":""deff1601-8d89-4c9a-aef7-3a613d23deec""}",2026-01-10T23:39:55.538214658Z
[Socket] Disconnected: zxekRf85g2YHXGdTAAA_,"{""level"":""info""}","{""project"":""d4aae26b-9fab-4baa-93f4-1b393c6d7c8a"",""environment"":""6d4d10f8-ef6e-4a33-ba9c-6a725e4554a8"",""service"":""51cba4c8-134f-4e77-9ac9-02d403d57a06"",""deployment"":""21ac7a1d-e3b2-439c-8818-0eb1b69b56b4"",""replica"":""deff1601-8d89-4c9a-aef7-3a613d23deec""}",2026-01-10T23:40:55.644816286Z
"[Leave] ""Shawn"" left T3EVNF","{""level"":""info""}","{""project"":""d4aae26b-9fab-4baa-93f4-1b393c6d7c8a"",""environment"":""6d4d10f8-ef6e-4a33-ba9c-6a725e4554a8"",""service"":""51cba4c8-134f-4e77-9ac9-02d403d57a06"",""deployment"":""21ac7a1d-e3b2-439c-8818-0eb1b69b56b4"",""replica"":""deff1601-8d89-4c9a-aef7-3a613d23deec""}",2026-01-10T23:40:55.644824953Z
[Socket] Connected: pC47f_Yosvg8j2T4AABB,"{""level"":""info""}","{""project"":""d4aae26b-9fab-4baa-93f4-1b393c6d7c8a"",""environment"":""6d4d10f8-ef6e-4a33-ba9c-6a725e4554a8"",""service"":""51cba4c8-134f-4e77-9ac9-02d403d57a06"",""deployment"":""21ac7a1d-e3b2-439c-8818-0eb1b69b56b4"",""replica"":""deff1601-8d89-4c9a-aef7-3a613d23deec""}",2026-01-10T23:50:44.094885004Z
"[Rejoin] ""Shawn"" attempting to rejoin T3EVNF as host","{""level"":""info""}","{""project"":""d4aae26b-9fab-4baa-93f4-1b393c6d7c8a"",""environment"":""6d4d10f8-ef6e-4a33-ba9c-6a725e4554a8"",""service"":""51cba4c8-134f-4e77-9ac9-02d403d57a06"",""deployment"":""21ac7a1d-e3b2-439c-8818-0eb1b69b56b4"",""replica"":""deff1601-8d89-4c9a-aef7-3a613d23deec""}",2026-01-10T23:50:44.094898350Z
"[Rejoin] ""Shawn"" rejoined T3EVNF as host","{""level"":""info""}","{""project"":""d4aae26b-9fab-4baa-93f4-1b393c6d7c8a"",""environment"":""6d4d10f8-ef6e-4a33-ba9c-6a725e4554a8"",""service"":""51cba4c8-134f-4e77-9ac9-02d403d57a06"",""deployment"":""21ac7a1d-e3b2-439c-8818-0eb1b69b56b4"",""replica"":""deff1601-8d89-4c9a-aef7-3a613d23deec""}",2026-01-10T23:50:44.094906487Z
[Socket] Disconnected: pC47f_Yosvg8j2T4AABB,"{""level"":""info""}","{""project"":""d4aae26b-9fab-4baa-93f4-1b393c6d7c8a"",""environment"":""6d4d10f8-ef6e-4a33-ba9c-6a725e4554a8"",""service"":""51cba4c8-134f-4e77-9ac9-02d403d57a06"",""deployment"":""21ac7a1d-e3b2-439c-8818-0eb1b69b56b4"",""replica"":""deff1601-8d89-4c9a-aef7-3a613d23deec""}",2026-01-10T23:51:23.976432208Z
"[Leave] ""Shawn"" left T3EVNF","{""level"":""info""}","{""project"":""d4aae26b-9fab-4baa-93f4-1b393c6d7c8a"",""environment"":""6d4d10f8-ef6e-4a33-ba9c-6a725e4554a8"",""service"":""51cba4c8-134f-4e77-9ac9-02d403d57a06"",""deployment"":""21ac7a1d-e3b2-439c-8818-0eb1b69b56b4"",""replica"":""deff1601-8d89-4c9a-aef7-3a613d23deec""}",2026-01-10T23:51:23.976446363Z
[Socket] Connected: zt0EFM4s-xmiw6qvAABD,"{""level"":""info""}","{""project"":""d4aae26b-9fab-4baa-93f4-1b393c6d7c8a"",""environment"":""6d4d10f8-ef6e-4a33-ba9c-6a725e4554a8"",""service"":""51cba4c8-134f-4e77-9ac9-02d403d57a06"",""deployment"":""21ac7a1d-e3b2-439c-8818-0eb1b69b56b4"",""replica"":""deff1601-8d89-4c9a-aef7-3a613d23deec""}",2026-01-10T23:51:43.633205774Z
"[Rejoin] ""Shawn"" attempting to rejoin T3EVNF as host","{""level"":""info""}","{""project"":""d4aae26b-9fab-4baa-93f4-1b393c6d7c8a"",""environment"":""6d4d10f8-ef6e-4a33-ba9c-6a725e4554a8"",""service"":""51cba4c8-134f-4e77-9ac9-02d403d57a06"",""deployment"":""21ac7a1d-e3b2-439c-8818-0eb1b69b56b4"",""replica"":""deff1601-8d89-4c9a-aef7-3a613d23deec""}",2026-01-10T23:51:43.633220559Z
"[Rejoin] ""Shawn"" rejoined T3EVNF as host","{""level"":""info""}","{""project"":""d4aae26b-9fab-4baa-93f4-1b393c6d7c8a"",""environment"":""6d4d10f8-ef6e-4a33-ba9c-6a725e4554a8"",""service"":""51cba4c8-134f-4e77-9ac9-02d403d57a06"",""deployment"":""21ac7a1d-e3b2-439c-8818-0eb1b69b56b4"",""replica"":""deff1601-8d89-4c9a-aef7-3a613d23deec""}",2026-01-10T23:51:43.633233118Z
[Socket] Disconnected: zt0EFM4s-xmiw6qvAABD,"{""level"":""info""}","{""project"":""d4aae26b-9fab-4baa-93f4-1b393c6d7c8a"",""environment"":""6d4d10f8-ef6e-4a33-ba9c-6a725e4554a8"",""service"":""51cba4c8-134f-4e77-9ac9-02d403d57a06"",""deployment"":""21ac7a1d-e3b2-439c-8818-0eb1b69b56b4"",""replica"":""deff1601-8d89-4c9a-aef7-3a613d23deec""}",2026-01-10T23:52:33.737350550Z
"[Leave] ""Shawn"" left T3EVNF","{""level"":""info""}","{""project"":""d4aae26b-9fab-4baa-93f4-1b393c6d7c8a"",""environment"":""6d4d10f8-ef6e-4a33-ba9c-6a725e4554a8"",""service"":""51cba4c8-134f-4e77-9ac9-02d403d57a06"",""deployment"":""21ac7a1d-e3b2-439c-8818-0eb1b69b56b4"",""replica"":""deff1601-8d89-4c9a-aef7-3a613d23deec""}",2026-01-10T23:52:33.737364183Z
[Socket] Connected: ENl_UloaE74iOcltAABF,"{""level"":""info""}","{""project"":""d4aae26b-9fab-4baa-93f4-1b393c6d7c8a"",""environment"":""6d4d10f8-ef6e-4a33-ba9c-6a725e4554a8"",""service"":""51cba4c8-134f-4e77-9ac9-02d403d57a06"",""deployment"":""21ac7a1d-e3b2-439c-8818-0eb1b69b56b4"",""replica"":""deff1601-8d89-4c9a-aef7-3a613d23deec""}",2026-01-10T23:54:45.405009887Z
"[Rejoin] ""Shawn"" attempting to rejoin T3EVNF as host","{""level"":""info""}","{""project"":""d4aae26b-9fab-4baa-93f4-1b393c6d7c8a"",""environment"":""6d4d10f8-ef6e-4a33-ba9c-6a725e4554a8"",""service"":""51cba4c8-134f-4e77-9ac9-02d403d57a06"",""deployment"":""21ac7a1d-e3b2-439c-8818-0eb1b69b56b4"",""replica"":""deff1601-8d89-4c9a-aef7-3a613d23deec""}",2026-01-10T23:54:45.405018594Z
"[Rejoin] ""Shawn"" rejoined T3EVNF as host","{""level"":""info""}","{""project"":""d4aae26b-9fab-4baa-93f4-1b393c6d7c8a"",""environment"":""6d4d10f8-ef6e-4a33-ba9c-6a725e4554a8"",""service"":""51cba4c8-134f-4e77-9ac9-02d403d57a06"",""deployment"":""21ac7a1d-e3b2-439c-8818-0eb1b69b56b4"",""replica"":""deff1601-8d89-4c9a-aef7-3a613d23deec""}",2026-01-10T23:54:45.405027568Z
[Socket] Disconnected: ENl_UloaE74iOcltAABF,"{""level"":""info""}","{""project"":""d4aae26b-9fab-4baa-93f4-1b393c6d7c8a"",""environment"":""6d4d10f8-ef6e-4a33-ba9c-6a725e4554a8"",""service"":""51cba4c8-134f-4e77-9ac9-02d403d57a06"",""deployment"":""21ac7a1d-e3b2-439c-8818-0eb1b69b56b4"",""replica"":""deff1601-8d89-4c9a-aef7-3a613d23deec""}",2026-01-10T23:58:29.350437476Z
"[Leave] ""Shawn"" left T3EVNF","{""level"":""info""}","{""project"":""d4aae26b-9fab-4baa-93f4-1b393c6d7c8a"",""environment"":""6d4d10f8-ef6e-4a33-ba9c-6a725e4554a8"",""service"":""51cba4c8-134f-4e77-9ac9-02d403d57a06"",""deployment"":""21ac7a1d-e3b2-439c-8818-0eb1b69b56b4"",""replica"":""deff1601-8d89-4c9a-aef7-3a613d23deec""}",2026-01-10T23:58:29.350451393Z
[Socket] Connected: _AxQLP5AIx56iUCpAABH,"{""level"":""info""}","{""project"":""d4aae26b-9fab-4baa-93f4-1b393c6d7c8a"",""environment"":""6d4d10f8-ef6e-4a33-ba9c-6a725e4554a8"",""service"":""51cba4c8-134f-4e77-9ac9-02d403d57a06"",""deployment"":""21ac7a1d-e3b2-439c-8818-0eb1b69b56b4"",""replica"":""deff1601-8d89-4c9a-aef7-3a613d23deec""}",2026-01-10T23:59:50.805122050Z
"[Rejoin] ""Shawn"" attempting to rejoin T3EVNF as host","{""level"":""info""}","{""project"":""d4aae26b-9fab-4baa-93f4-1b393c6d7c8a"",""environment"":""6d4d10f8-ef6e-4a33-ba9c-6a725e4554a8"",""service"":""51cba4c8-134f-4e77-9ac9-02d403d57a06"",""deployment"":""21ac7a1d-e3b2-439c-8818-0eb1b69b56b4"",""replica"":""deff1601-8d89-4c9a-aef7-3a613d23deec""}",2026-01-10T23:59:50.805135158Z
"[Rejoin] ""Shawn"" rejoined T3EVNF as host","{""level"":""info""}","{""project"":""d4aae26b-9fab-4baa-93f4-1b393c6d7c8a"",""environment"":""6d4d10f8-ef6e-4a33-ba9c-6a725e4554a8"",""service"":""51cba4c8-134f-4e77-9ac9-02d403d57a06"",""deployment"":""21ac7a1d-e3b2-439c-8818-0eb1b69b56b4"",""replica"":""deff1601-8d89-4c9a-aef7-3a613d23deec""}",2026-01-10T23:59:50.805143149Z
[Socket] Disconnected: _AxQLP5AIx56iUCpAABH,"{""level"":""info""}","{""project"":""d4aae26b-9fab-4baa-93f4-1b393c6d7c8a"",""environment"":""6d4d10f8-ef6e-4a33-ba9c-6a725e4554a8"",""service"":""51cba4c8-134f-4e77-9ac9-02d403d57a06"",""deployment"":""21ac7a1d-e3b2-439c-8818-0eb1b69b56b4"",""replica"":""deff1601-8d89-4c9a-aef7-3a613d23deec""}",2026-01-11T00:00:31.035282663Z
"[Leave] ""Shawn"" left T3EVNF","{""level"":""info""}","{""project"":""d4aae26b-9fab-4baa-93f4-1b393c6d7c8a"",""environment"":""6d4d10f8-ef6e-4a33-ba9c-6a725e4554a8"",""service"":""51cba4c8-134f-4e77-9ac9-02d403d57a06"",""deployment"":""21ac7a1d-e3b2-439c-8818-0eb1b69b56b4"",""replica"":""deff1601-8d89-4c9a-aef7-3a613d23deec""}",2026-01-11T00:00:31.035294778Z
[Socket] Connected: KHNMl8T1_f8nEK9qAABJ,"{""level"":""info""}","{""project"":""d4aae26b-9fab-4baa-93f4-1b393c6d7c8a"",""environment"":""6d4d10f8-ef6e-4a33-ba9c-6a725e4554a8"",""service"":""51cba4c8-134f-4e77-9ac9-02d403d57a06"",""deployment"":""21ac7a1d-e3b2-439c-8818-0eb1b69b56b4"",""replica"":""deff1601-8d89-4c9a-aef7-3a613d23deec""}",2026-01-11T00:10:28.708050154Z
"[Rejoin] ""Shawn"" attempting to rejoin T3EVNF as host","{""level"":""info""}","{""project"":""d4aae26b-9fab-4baa-93f4-1b393c6d7c8a"",""environment"":""6d4d10f8-ef6e-4a33-ba9c-6a725e4554a8"",""service"":""51cba4c8-134f-4e77-9ac9-02d403d57a06"",""deployment"":""21ac7a1d-e3b2-439c-8818-0eb1b69b56b4"",""replica"":""deff1601-8d89-4c9a-aef7-3a613d23deec""}",2026-01-11T00:10:28.708070153Z
"[Rejoin] ""Shawn"" rejoined T3EVNF as host","{""level"":""info""}","{""project"":""d4aae26b-9fab-4baa-93f4-1b393c6d7c8a"",""environment"":""6d4d10f8-ef6e-4a33-ba9c-6a725e4554a8"",""service"":""51cba4c8-134f-4e77-9ac9-02d403d57a06"",""deployment"":""21ac7a1d-e3b2-439c-8818-0eb1b69b56b4"",""replica"":""deff1601-8d89-4c9a-aef7-3a613d23deec""}",2026-01-11T00:10:28.708079760Z
"[Leave] ""Shawn"" left T3EVNF","{""level"":""info""}","{""project"":""d4aae26b-9fab-4baa-93f4-1b393c6d7c8a"",""environment"":""6d4d10f8-ef6e-4a33-ba9c-6a725e4554a8"",""service"":""51cba4c8-134f-4e77-9ac9-02d403d57a06"",""deployment"":""21ac7a1d-e3b2-439c-8818-0eb1b69b56b4"",""replica"":""deff1601-8d89-4c9a-aef7-3a613d23deec""}",2026-01-11T00:11:39.655127929Z
[Socket] Disconnected: KHNMl8T1_f8nEK9qAABJ,"{""level"":""info""}","{""project"":""d4aae26b-9fab-4baa-93f4-1b393c6d7c8a"",""environment"":""6d4d10f8-ef6e-4a33-ba9c-6a725e4554a8"",""service"":""51cba4c8-134f-4e77-9ac9-02d403d57a06"",""deployment"":""21ac7a1d-e3b2-439c-8818-0eb1b69b56b4"",""replica"":""deff1601-8d89-4c9a-aef7-3a613d23deec""}",2026-01-11T00:11:39.655196393Z
[Socket] Connected: vWZh5dgudlaUvNroAABL,"{""level"":""info""}","{""project"":""d4aae26b-9fab-4baa-93f4-1b393c6d7c8a"",""environment"":""6d4d10f8-ef6e-4a33-ba9c-6a725e4554a8"",""service"":""51cba4c8-134f-4e77-9ac9-02d403d57a06"",""deployment"":""21ac7a1d-e3b2-439c-8818-0eb1b69b56b4"",""replica"":""deff1601-8d89-4c9a-aef7-3a613d23deec""}",2026-01-11T00:25:03.182314992Z
[Socket] Disconnected: vWZh5dgudlaUvNroAABL,"{""level"":""info""}","{""project"":""d4aae26b-9fab-4baa-93f4-1b393c6d7c8a"",""environment"":""6d4d10f8-ef6e-4a33-ba9c-6a725e4554a8"",""service"":""51cba4c8-134f-4e77-9ac9-02d403d57a06"",""deployment"":""21ac7a1d-e3b2-439c-8818-0eb1b69b56b4"",""replica"":""deff1601-8d89-4c9a-aef7-3a613d23deec""}",2026-01-11T00:25:06.179219508Z
[Socket] Connected: F6xDnCs9ARGMoIhQAABN,"{""level"":""info""}","{""project"":""d4aae26b-9fab-4baa-93f4-1b393c6d7c8a"",""environment"":""6d4d10f8-ef6e-4a33-ba9c-6a725e4554a8"",""service"":""51cba4c8-134f-4e77-9ac9-02d403d57a06"",""deployment"":""21ac7a1d-e3b2-439c-8818-0eb1b69b56b4"",""replica"":""deff1601-8d89-4c9a-aef7-3a613d23deec""}",2026-01-11T00:25:11.712440955Z
"[Create] Host ""Shawn"" creating tournament ""January Village 2026""","{""level"":""info""}","{""project"":""d4aae26b-9fab-4baa-93f4-1b393c6d7c8a"",""environment"":""6d4d10f8-ef6e-4a33-ba9c-6a725e4554a8"",""service"":""51cba4c8-134f-4e77-9ac9-02d403d57a06"",""deployment"":""21ac7a1d-e3b2-439c-8818-0eb1b69b56b4"",""replica"":""deff1601-8d89-4c9a-aef7-3a613d23deec""}",2026-01-11T00:26:42.536919909Z
[Create] Tournament created with code: F2QQK3,"{""level"":""info""}","{""project"":""d4aae26b-9fab-4baa-93f4-1b393c6d7c8a"",""environment"":""6d4d10f8-ef6e-4a33-ba9c-6a725e4554a8"",""service"":""51cba4c8-134f-4e77-9ac9-02d403d57a06"",""deployment"":""21ac7a1d-e3b2-439c-8818-0eb1b69b56b4"",""replica"":""deff1601-8d89-4c9a-aef7-3a613d23deec""}",2026-01-11T00:26:42.536933879Z
[Socket] Connected: xnI26faP-9pVH55mAABP,"{""level"":""info""}","{""project"":""d4aae26b-9fab-4baa-93f4-1b393c6d7c8a"",""environment"":""6d4d10f8-ef6e-4a33-ba9c-6a725e4554a8"",""service"":""51cba4c8-134f-4e77-9ac9-02d403d57a06"",""deployment"":""21ac7a1d-e3b2-439c-8818-0eb1b69b56b4"",""replica"":""deff1601-8d89-4c9a-aef7-3a613d23deec""}",2026-01-11T00:30:54.585054853Z
DEBUG: Using regular bye logic (mode= byes_only count= 0,"{""level"":""info""}","{""project"":""d4aae26b-9fab-4baa-93f4-1b393c6d7c8a"",""environment"":""6d4d10f8-ef6e-4a33-ba9c-6a725e4554a8"",""service"":""51cba4c8-134f-4e77-9ac9-02d403d57a06"",""deployment"":""21ac7a1d-e3b2-439c-8818-0eb1b69b56b4"",""replica"":""deff1601-8d89-4c9a-aef7-3a613d23deec""}",2026-01-11T00:31:14.593203611Z
[Tournament] Started: F2QQK3,"{""level"":""info""}","{""project"":""d4aae26b-9fab-4baa-93f4-1b393c6d7c8a"",""environment"":""6d4d10f8-ef6e-4a33-ba9c-6a725e4554a8"",""service"":""51cba4c8-134f-4e77-9ac9-02d403d57a06"",""deployment"":""21ac7a1d-e3b2-439c-8818-0eb1b69b56b4"",""replica"":""deff1601-8d89-4c9a-aef7-3a613d23deec""}",2026-01-11T00:31:14.593215977Z
[Socket] Connected: 0vvEXrCS091iJM1_AABR,"{""level"":""info""}","{""project"":""d4aae26b-9fab-4baa-93f4-1b393c6d7c8a"",""environment"":""6d4d10f8-ef6e-4a33-ba9c-6a725e4554a8"",""service"":""51cba4c8-134f-4e77-9ac9-02d403d57a06"",""deployment"":""21ac7a1d-e3b2-439c-8818-0eb1b69b56b4"",""replica"":""deff1601-8d89-4c9a-aef7-3a613d23deec""}",2026-01-11T00:34:26.794424920Z
"[Join] """" attempting to join F2QQK3","{""level"":""info""}","{""project"":""d4aae26b-9fab-4baa-93f4-1b393c6d7c8a"",""environment"":""6d4d10f8-ef6e-4a33-ba9c-6a725e4554a8"",""service"":""51cba4c8-134f-4e77-9ac9-02d403d57a06"",""deployment"":""21ac7a1d-e3b2-439c-8818-0eb1b69b56b4"",""replica"":""deff1601-8d89-4c9a-aef7-3a613d23deec""}",2026-01-11T00:34:26.794437444Z
"[Join] """" joined F2QQK3 as spectator","{""level"":""info""}","{""project"":""d4aae26b-9fab-4baa-93f4-1b393c6d7c8a"",""environment"":""6d4d10f8-ef6e-4a33-ba9c-6a725e4554a8"",""service"":""51cba4c8-134f-4e77-9ac9-02d403d57a06"",""deployment"":""21ac7a1d-e3b2-439c-8818-0eb1b69b56b4"",""replica"":""deff1601-8d89-4c9a-aef7-3a613d23deec""}",2026-01-11T00:34:26.794446694Z
[Socket] Connected: yI02hTj1STAVxwZMAABT,"{""level"":""info""}","{""project"":""d4aae26b-9fab-4baa-93f4-1b393c6d7c8a"",""environment"":""6d4d10f8-ef6e-4a33-ba9c-6a725e4554a8"",""service"":""51cba4c8-134f-4e77-9ac9-02d403d57a06"",""deployment"":""21ac7a1d-e3b2-439c-8818-0eb1b69b56b4"",""replica"":""deff1601-8d89-4c9a-aef7-3a613d23deec""}",2026-01-11T00:34:26.794455234Z
[Socket] Connected: bjId8VzzIQ-5DCAWAABW,"{""level"":""info""}","{""project"":""d4aae26b-9fab-4baa-93f4-1b393c6d7c8a"",""environment"":""6d4d10f8-ef6e-4a33-ba9c-6a725e4554a8"",""service"":""51cba4c8-134f-4e77-9ac9-02d403d57a06"",""deployment"":""21ac7a1d-e3b2-439c-8818-0eb1b69b56b4"",""replica"":""deff1601-8d89-4c9a-aef7-3a613d23deec""}",2026-01-11T00:34:56.996595801Z
[Socket] Connected: L2zaEKcsjKmwwQp3AABX,"{""level"":""info""}","{""project"":""d4aae26b-9fab-4baa-93f4-1b393c6d7c8a"",""environment"":""6d4d10f8-ef6e-4a33-ba9c-6a725e4554a8"",""service"":""51cba4c8-134f-4e77-9ac9-02d403d57a06"",""deployment"":""21ac7a1d-e3b2-439c-8818-0eb1b69b56b4"",""replica"":""deff1601-8d89-4c9a-aef7-3a613d23deec""}",2026-01-11T00:34:56.996607894Z
[Socket] Connected: AVDkBo98AIztYpwPAABZ,"{""level"":""info""}","{""project"":""d4aae26b-9fab-4baa-93f4-1b393c6d7c8a"",""environment"":""6d4d10f8-ef6e-4a33-ba9c-6a725e4554a8"",""service"":""51cba4c8-134f-4e77-9ac9-02d403d57a06"",""deployment"":""21ac7a1d-e3b2-439c-8818-0eb1b69b56b4"",""replica"":""deff1601-8d89-4c9a-aef7-3a613d23deec""}",2026-01-11T00:35:17.163416931Z
"[Join] """" attempting to join F2QQK3","{""level"":""info""}","{""project"":""d4aae26b-9fab-4baa-93f4-1b393c6d7c8a"",""environment"":""6d4d10f8-ef6e-4a33-ba9c-6a725e4554a8"",""service"":""51cba4c8-134f-4e77-9ac9-02d403d57a06"",""deployment"":""21ac7a1d-e3b2-439c-8818-0eb1b69b56b4"",""replica"":""deff1601-8d89-4c9a-aef7-3a613d23deec""}",2026-01-11T00:35:17.163426533Z
"[Join] """" joined F2QQK3 as spectator","{""level"":""info""}","{""project"":""d4aae26b-9fab-4baa-93f4-1b393c6d7c8a"",""environment"":""6d4d10f8-ef6e-4a33-ba9c-6a725e4554a8"",""service"":""51cba4c8-134f-4e77-9ac9-02d403d57a06"",""deployment"":""21ac7a1d-e3b2-439c-8818-0eb1b69b56b4"",""replica"":""deff1601-8d89-4c9a-aef7-3a613d23deec""}",2026-01-11T00:35:17.163435030Z
[Socket] Connected: WmWIz-niqUtWu2shAABb,"{""level"":""info""}","{""project"":""d4aae26b-9fab-4baa-93f4-1b393c6d7c8a"",""environment"":""6d4d10f8-ef6e-4a33-ba9c-6a725e4554a8"",""service"":""51cba4c8-134f-4e77-9ac9-02d403d57a06"",""deployment"":""21ac7a1d-e3b2-439c-8818-0eb1b69b56b4"",""replica"":""deff1601-8d89-4c9a-aef7-3a613d23deec""}",2026-01-11T00:35:17.163442895Z
[Socket] Disconnected: 0vvEXrCS091iJM1_AABR,"{""level"":""info""}","{""project"":""d4aae26b-9fab-4baa-93f4-1b393c6d7c8a"",""environment"":""6d4d10f8-ef6e-4a33-ba9c-6a725e4554a8"",""service"":""51cba4c8-134f-4e77-9ac9-02d403d57a06"",""deployment"":""21ac7a1d-e3b2-439c-8818-0eb1b69b56b4"",""replica"":""deff1601-8d89-4c9a-aef7-3a613d23deec""}",2026-01-11T00:35:20.158683918Z
"[Leave] """" left F2QQK3","{""level"":""info""}","{""project"":""d4aae26b-9fab-4baa-93f4-1b393c6d7c8a"",""environment"":""6d4d10f8-ef6e-4a33-ba9c-6a725e4554a8"",""service"":""51cba4c8-134f-4e77-9ac9-02d403d57a06"",""deployment"":""21ac7a1d-e3b2-439c-8818-0eb1b69b56b4"",""replica"":""deff1601-8d89-4c9a-aef7-3a613d23deec""}",2026-01-11T00:35:20.158691983Z
[Socket] Disconnected: yI02hTj1STAVxwZMAABT,"{""level"":""info""}","{""project"":""d4aae26b-9fab-4baa-93f4-1b393c6d7c8a"",""environment"":""6d4d10f8-ef6e-4a33-ba9c-6a725e4554a8"",""service"":""51cba4c8-134f-4e77-9ac9-02d403d57a06"",""deployment"":""21ac7a1d-e3b2-439c-8818-0eb1b69b56b4"",""replica"":""deff1601-8d89-4c9a-aef7-3a613d23deec""}",2026-01-11T00:35:20.158699831Z
[Socket] Disconnected: L2zaEKcsjKmwwQp3AABX,"{""level"":""info""}","{""project"":""d4aae26b-9fab-4baa-93f4-1b393c6d7c8a"",""environment"":""6d4d10f8-ef6e-4a33-ba9c-6a725e4554a8"",""service"":""51cba4c8-134f-4e77-9ac9-02d403d57a06"",""deployment"":""21ac7a1d-e3b2-439c-8818-0eb1b69b56b4"",""replica"":""deff1601-8d89-4c9a-aef7-3a613d23deec""}",2026-01-11T00:35:40.003777865Z
[Socket] Disconnected: bjId8VzzIQ-5DCAWAABW,"{""level"":""info""}","{""project"":""d4aae26b-9fab-4baa-93f4-1b393c6d7c8a"",""environment"":""6d4d10f8-ef6e-4a33-ba9c-6a725e4554a8"",""service"":""51cba4c8-134f-4e77-9ac9-02d403d57a06"",""deployment"":""21ac7a1d-e3b2-439c-8818-0eb1b69b56b4"",""replica"":""deff1601-8d89-4c9a-aef7-3a613d23deec""}",2026-01-11T00:35:40.003792757Z
[Socket] Connected: 5p-c1WiU4r2VusjiAABd,"{""level"":""info""}","{""project"":""d4aae26b-9fab-4baa-93f4-1b393c6d7c8a"",""environment"":""6d4d10f8-ef6e-4a33-ba9c-6a725e4554a8"",""service"":""51cba4c8-134f-4e77-9ac9-02d403d57a06"",""deployment"":""21ac7a1d-e3b2-439c-8818-0eb1b69b56b4"",""replica"":""deff1601-8d89-4c9a-aef7-3a613d23deec""}",2026-01-11T00:35:44.514438584Z
[Socket] Connected: n2-jeWDhvsd1RM54AABf,"{""level"":""info""}","{""project"":""d4aae26b-9fab-4baa-93f4-1b393c6d7c8a"",""environment"":""6d4d10f8-ef6e-4a33-ba9c-6a725e4554a8"",""service"":""51cba4c8-134f-4e77-9ac9-02d403d57a06"",""deployment"":""21ac7a1d-e3b2-439c-8818-0eb1b69b56b4"",""replica"":""deff1601-8d89-4c9a-aef7-3a613d23deec""}",2026-01-11T00:35:44.552890267Z
[Socket] Disconnected: n2-jeWDhvsd1RM54AABf,"{""level"":""info""}","{""project"":""d4aae26b-9fab-4baa-93f4-1b393c6d7c8a"",""environment"":""6d4d10f8-ef6e-4a33-ba9c-6a725e4554a8"",""service"":""51cba4c8-134f-4e77-9ac9-02d403d57a06"",""deployment"":""21ac7a1d-e3b2-439c-8818-0eb1b69b56b4"",""replica"":""deff1601-8d89-4c9a-aef7-3a613d23deec""}",2026-01-11T00:35:45.677949225Z
[Socket] Disconnected: 5p-c1WiU4r2VusjiAABd,"{""level"":""info""}","{""project"":""d4aae26b-9fab-4baa-93f4-1b393c6d7c8a"",""environment"":""6d4d10f8-ef6e-4a33-ba9c-6a725e4554a8"",""service"":""51cba4c8-134f-4e77-9ac9-02d403d57a06"",""deployment"":""21ac7a1d-e3b2-439c-8818-0eb1b69b56b4"",""replica"":""deff1601-8d89-4c9a-aef7-3a613d23deec""}",2026-01-11T00:35:45.677959898Z
[Socket] Connected: f2wWj2X9TWsYDgxZAABh,"{""level"":""info""}","{""project"":""d4aae26b-9fab-4baa-93f4-1b393c6d7c8a"",""environment"":""6d4d10f8-ef6e-4a33-ba9c-6a725e4554a8"",""service"":""51cba4c8-134f-4e77-9ac9-02d403d57a06"",""deployment"":""21ac7a1d-e3b2-439c-8818-0eb1b69b56b4"",""replica"":""deff1601-8d89-4c9a-aef7-3a613d23deec""}",2026-01-11T00:36:25.642068453Z
[Socket] Connected: Cml-T9ywhtSKqLM1AABj,"{""level"":""info""}","{""project"":""d4aae26b-9fab-4baa-93f4-1b393c6d7c8a"",""environment"":""6d4d10f8-ef6e-4a33-ba9c-6a725e4554a8"",""service"":""51cba4c8-134f-4e77-9ac9-02d403d57a06"",""deployment"":""21ac7a1d-e3b2-439c-8818-0eb1b69b56b4"",""replica"":""deff1601-8d89-4c9a-aef7-3a613d23deec""}",2026-01-11T00:36:25.642083002Z
[Socket] Disconnected: Cml-T9ywhtSKqLM1AABj,"{""level"":""info""}","{""project"":""d4aae26b-9fab-4baa-93f4-1b393c6d7c8a"",""environment"":""6d4d10f8-ef6e-4a33-ba9c-6a725e4554a8"",""service"":""51cba4c8-134f-4e77-9ac9-02d403d57a06"",""deployment"":""21ac7a1d-e3b2-439c-8818-0eb1b69b56b4"",""replica"":""deff1601-8d89-4c9a-aef7-3a613d23deec""}",2026-01-11T00:36:35.259197728Z
[Socket] Disconnected: f2wWj2X9TWsYDgxZAABh,"{""level"":""info""}","{""project"":""d4aae26b-9fab-4baa-93f4-1b393c6d7c8a"",""environment"":""6d4d10f8-ef6e-4a33-ba9c-6a725e4554a8"",""service"":""51cba4c8-134f-4e77-9ac9-02d403d57a06"",""deployment"":""21ac7a1d-e3b2-439c-8818-0eb1b69b56b4"",""replica"":""deff1601-8d89-4c9a-aef7-3a613d23deec""}",2026-01-11T00:36:35.259206785Z
[Socket] Connected: StQKqevLZjLJJzEXAABl,"{""level"":""info""}","{""project"":""d4aae26b-9fab-4baa-93f4-1b393c6d7c8a"",""environment"":""6d4d10f8-ef6e-4a33-ba9c-6a725e4554a8"",""service"":""51cba4c8-134f-4e77-9ac9-02d403d57a06"",""deployment"":""21ac7a1d-e3b2-439c-8818-0eb1b69b56b4"",""replica"":""deff1601-8d89-4c9a-aef7-3a613d23deec""}",2026-01-11T00:36:35.822552008Z
[Socket] Connected: JbRbjz12d9ag9gbMAABn,"{""level"":""info""}","{""project"":""d4aae26b-9fab-4baa-93f4-1b393c6d7c8a"",""environment"":""6d4d10f8-ef6e-4a33-ba9c-6a725e4554a8"",""service"":""51cba4c8-134f-4e77-9ac9-02d403d57a06"",""deployment"":""21ac7a1d-e3b2-439c-8818-0eb1b69b56b4"",""replica"":""deff1601-8d89-4c9a-aef7-3a613d23deec""}",2026-01-11T00:36:35.822560590Z
[Socket] Disconnected: JbRbjz12d9ag9gbMAABn,"{""level"":""info""}","{""project"":""d4aae26b-9fab-4baa-93f4-1b393c6d7c8a"",""environment"":""6d4d10f8-ef6e-4a33-ba9c-6a725e4554a8"",""service"":""51cba4c8-134f-4e77-9ac9-02d403d57a06"",""deployment"":""21ac7a1d-e3b2-439c-8818-0eb1b69b56b4"",""replica"":""deff1601-8d89-4c9a-aef7-3a613d23deec""}",2026-01-11T00:36:55.729949272Z
[Socket] Disconnected: StQKqevLZjLJJzEXAABl,"{""level"":""info""}","{""project"":""d4aae26b-9fab-4baa-93f4-1b393c6d7c8a"",""environment"":""6d4d10f8-ef6e-4a33-ba9c-6a725e4554a8"",""service"":""51cba4c8-134f-4e77-9ac9-02d403d57a06"",""deployment"":""21ac7a1d-e3b2-439c-8818-0eb1b69b56b4"",""replica"":""deff1601-8d89-4c9a-aef7-3a613d23deec""}",2026-01-11T00:36:55.729980084Z
[Socket] Disconnected: AVDkBo98AIztYpwPAABZ,"{""level"":""info""}","{""project"":""d4aae26b-9fab-4baa-93f4-1b393c6d7c8a"",""environment"":""6d4d10f8-ef6e-4a33-ba9c-6a725e4554a8"",""service"":""51cba4c8-134f-4e77-9ac9-02d403d57a06"",""deployment"":""21ac7a1d-e3b2-439c-8818-0eb1b69b56b4"",""replica"":""deff1601-8d89-4c9a-aef7-3a613d23deec""}",2026-01-11T00:37:15.750634949Z
"[Leave] """" left F2QQK3","{""level"":""info""}","{""project"":""d4aae26b-9fab-4baa-93f4-1b393c6d7c8a"",""environment"":""6d4d10f8-ef6e-4a33-ba9c-6a725e4554a8"",""service"":""51cba4c8-134f-4e77-9ac9-02d403d57a06"",""deployment"":""21ac7a1d-e3b2-439c-8818-0eb1b69b56b4"",""replica"":""deff1601-8d89-4c9a-aef7-3a613d23deec""}",2026-01-11T00:37:15.750646722Z
[Socket] Disconnected: WmWIz-niqUtWu2shAABb,"{""level"":""info""}","{""project"":""d4aae26b-9fab-4baa-93f4-1b393c6d7c8a"",""environment"":""6d4d10f8-ef6e-4a33-ba9c-6a725e4554a8"",""service"":""51cba4c8-134f-4e77-9ac9-02d403d57a06"",""deployment"":""21ac7a1d-e3b2-439c-8818-0eb1b69b56b4"",""replica"":""deff1601-8d89-4c9a-aef7-3a613d23deec""}",2026-01-11T00:37:15.750656871Z
[Socket] Connected: 4JZ42b5892RoI9OTAABq,"{""level"":""info""}","{""project"":""d4aae26b-9fab-4baa-93f4-1b393c6d7c8a"",""environment"":""6d4d10f8-ef6e-4a33-ba9c-6a725e4554a8"",""service"":""51cba4c8-134f-4e77-9ac9-02d403d57a06"",""deployment"":""21ac7a1d-e3b2-439c-8818-0eb1b69b56b4"",""replica"":""deff1601-8d89-4c9a-aef7-3a613d23deec""}",2026-01-11T00:37:55.812529390Z
[Socket] Connected: 0F26eb7Q__ifr3a5AABr,"{""level"":""info""}","{""project"":""d4aae26b-9fab-4baa-93f4-1b393c6d7c8a"",""environment"":""6d4d10f8-ef6e-4a33-ba9c-6a725e4554a8"",""service"":""51cba4c8-134f-4e77-9ac9-02d403d57a06"",""deployment"":""21ac7a1d-e3b2-439c-8818-0eb1b69b56b4"",""replica"":""deff1601-8d89-4c9a-aef7-3a613d23deec""}",2026-01-11T00:37:55.812542832Z
[Socket] Connected: JpREII6MslasKxfmAABt,"{""level"":""info""}","{""project"":""d4aae26b-9fab-4baa-93f4-1b393c6d7c8a"",""environment"":""6d4d10f8-ef6e-4a33-ba9c-6a725e4554a8"",""service"":""51cba4c8-134f-4e77-9ac9-02d403d57a06"",""deployment"":""21ac7a1d-e3b2-439c-8818-0eb1b69b56b4"",""replica"":""deff1601-8d89-4c9a-aef7-3a613d23deec""}",2026-01-11T00:38:25.963268047Z
[Socket] Connected: Hv3yMX9dTGJ_VcwNAABv,"{""level"":""info""}","{""project"":""d4aae26b-9fab-4baa-93f4-1b393c6d7c8a"",""environment"":""6d4d10f8-ef6e-4a33-ba9c-6a725e4554a8"",""service"":""51cba4c8-134f-4e77-9ac9-02d403d57a06"",""deployment"":""21ac7a1d-e3b2-439c-8818-0eb1b69b56b4"",""replica"":""deff1601-8d89-4c9a-aef7-3a613d23deec""}",2026-01-11T00:38:25.963281252Z
[Socket] Disconnected: Hv3yMX9dTGJ_VcwNAABv,"{""level"":""info""}","{""project"":""d4aae26b-9fab-4baa-93f4-1b393c6d7c8a"",""environment"":""6d4d10f8-ef6e-4a33-ba9c-6a725e4554a8"",""service"":""51cba4c8-134f-4e77-9ac9-02d403d57a06"",""deployment"":""21ac7a1d-e3b2-439c-8818-0eb1b69b56b4"",""replica"":""deff1601-8d89-4c9a-aef7-3a613d23deec""}",2026-01-11T00:38:46.494895019Z
[Socket] Disconnected: JpREII6MslasKxfmAABt,"{""level"":""info""}","{""project"":""d4aae26b-9fab-4baa-93f4-1b393c6d7c8a"",""environment"":""6d4d10f8-ef6e-4a33-ba9c-6a725e4554a8"",""service"":""51cba4c8-134f-4e77-9ac9-02d403d57a06"",""deployment"":""21ac7a1d-e3b2-439c-8818-0eb1b69b56b4"",""replica"":""deff1601-8d89-4c9a-aef7-3a613d23deec""}",2026-01-11T00:38:46.494987087Z
[Socket] Disconnected: 0F26eb7Q__ifr3a5AABr,"{""level"":""info""}","{""project"":""d4aae26b-9fab-4baa-93f4-1b393c6d7c8a"",""environment"":""6d4d10f8-ef6e-4a33-ba9c-6a725e4554a8"",""service"":""51cba4c8-134f-4e77-9ac9-02d403d57a06"",""deployment"":""21ac7a1d-e3b2-439c-8818-0eb1b69b56b4"",""replica"":""deff1601-8d89-4c9a-aef7-3a613d23deec""}",2026-01-11T00:39:06.611220867Z
[Socket] Disconnected: 4JZ42b5892RoI9OTAABq,"{""level"":""info""}","{""project"":""d4aae26b-9fab-4baa-93f4-1b393c6d7c8a"",""environment"":""6d4d10f8-ef6e-4a33-ba9c-6a725e4554a8"",""service"":""51cba4c8-134f-4e77-9ac9-02d403d57a06"",""deployment"":""21ac7a1d-e3b2-439c-8818-0eb1b69b56b4"",""replica"":""deff1601-8d89-4c9a-aef7-3a613d23deec""}",2026-01-11T00:39:06.611229260Z
[Socket] Connected: LJSxH0OItPqcjZZ_AABx,"{""level"":""info""}","{""project"":""d4aae26b-9fab-4baa-93f4-1b393c6d7c8a"",""environment"":""6d4d10f8-ef6e-4a33-ba9c-6a725e4554a8"",""service"":""51cba4c8-134f-4e77-9ac9-02d403d57a06"",""deployment"":""21ac7a1d-e3b2-439c-8818-0eb1b69b56b4"",""replica"":""deff1601-8d89-4c9a-aef7-3a613d23deec""}",2026-01-11T00:39:06.611237559Z
[Socket] Connected: fvciKmzH3kgJ9didAABz,"{""level"":""info""}","{""project"":""d4aae26b-9fab-4baa-93f4-1b393c6d7c8a"",""environment"":""6d4d10f8-ef6e-4a33-ba9c-6a725e4554a8"",""service"":""51cba4c8-134f-4e77-9ac9-02d403d57a06"",""deployment"":""21ac7a1d-e3b2-439c-8818-0eb1b69b56b4"",""replica"":""deff1601-8d89-4c9a-aef7-3a613d23deec""}",2026-01-11T00:39:06.611245330Z
[Socket] Disconnected: LJSxH0OItPqcjZZ_AABx,"{""level"":""info""}","{""project"":""d4aae26b-9fab-4baa-93f4-1b393c6d7c8a"",""environment"":""6d4d10f8-ef6e-4a33-ba9c-6a725e4554a8"",""service"":""51cba4c8-134f-4e77-9ac9-02d403d57a06"",""deployment"":""21ac7a1d-e3b2-439c-8818-0eb1b69b56b4"",""replica"":""deff1601-8d89-4c9a-aef7-3a613d23deec""}",2026-01-11T00:39:13.308623301Z
[Socket] Disconnected: fvciKmzH3kgJ9didAABz,"{""level"":""info""}","{""project"":""d4aae26b-9fab-4baa-93f4-1b393c6d7c8a"",""environment"":""6d4d10f8-ef6e-4a33-ba9c-6a725e4554a8"",""service"":""51cba4c8-134f-4e77-9ac9-02d403d57a06"",""deployment"":""21ac7a1d-e3b2-439c-8818-0eb1b69b56b4"",""replica"":""deff1601-8d89-4c9a-aef7-3a613d23deec""}",2026-01-11T00:39:13.308631684Z
[Socket] Disconnected: F6xDnCs9ARGMoIhQAABN,"{""level"":""info""}","{""project"":""d4aae26b-9fab-4baa-93f4-1b393c6d7c8a"",""environment"":""6d4d10f8-ef6e-4a33-ba9c-6a725e4554a8"",""service"":""51cba4c8-134f-4e77-9ac9-02d403d57a06"",""deployment"":""21ac7a1d-e3b2-439c-8818-0eb1b69b56b4"",""replica"":""deff1601-8d89-4c9a-aef7-3a613d23deec""}",2026-01-11T00:39:43.260174287Z
"[Leave] ""Shawn"" left F2QQK3","{""level"":""info""}","{""project"":""d4aae26b-9fab-4baa-93f4-1b393c6d7c8a"",""environment"":""6d4d10f8-ef6e-4a33-ba9c-6a725e4554a8"",""service"":""51cba4c8-134f-4e77-9ac9-02d403d57a06"",""deployment"":""21ac7a1d-e3b2-439c-8818-0eb1b69b56b4"",""replica"":""deff1601-8d89-4c9a-aef7-3a613d23deec""}",2026-01-11T00:39:43.260185704Z
[Socket] Connected: GQ4HeUmuIBTvpONCAAB1,"{""level"":""info""}","{""project"":""d4aae26b-9fab-4baa-93f4-1b393c6d7c8a"",""environment"":""6d4d10f8-ef6e-4a33-ba9c-6a725e4554a8"",""service"":""51cba4c8-134f-4e77-9ac9-02d403d57a06"",""deployment"":""21ac7a1d-e3b2-439c-8818-0eb1b69b56b4"",""replica"":""deff1601-8d89-4c9a-aef7-3a613d23deec""}",2026-01-11T00:39:43.260193995Z
"[Rejoin] ""Shawn"" attempting to rejoin F2QQK3 as host","{""level"":""info""}","{""project"":""d4aae26b-9fab-4baa-93f4-1b393c6d7c8a"",""environment"":""6d4d10f8-ef6e-4a33-ba9c-6a725e4554a8"",""service"":""51cba4c8-134f-4e77-9ac9-02d403d57a06"",""deployment"":""21ac7a1d-e3b2-439c-8818-0eb1b69b56b4"",""replica"":""deff1601-8d89-4c9a-aef7-3a613d23deec""}",2026-01-11T00:39:43.260201631Z
"[Rejoin] ""Shawn"" rejoined F2QQK3 as host","{""level"":""info""}","{""project"":""d4aae26b-9fab-4baa-93f4-1b393c6d7c8a"",""environment"":""6d4d10f8-ef6e-4a33-ba9c-6a725e4554a8"",""service"":""51cba4c8-134f-4e77-9ac9-02d403d57a06"",""deployment"":""21ac7a1d-e3b2-439c-8818-0eb1b69b56b4"",""replica"":""deff1601-8d89-4c9a-aef7-3a613d23deec""}",2026-01-11T00:39:43.260210820Z
[Socket] Disconnected: xnI26faP-9pVH55mAABP,"{""level"":""info""}","{""project"":""d4aae26b-9fab-4baa-93f4-1b393c6d7c8a"",""environment"":""6d4d10f8-ef6e-4a33-ba9c-6a725e4554a8"",""service"":""51cba4c8-134f-4e77-9ac9-02d403d57a06"",""deployment"":""21ac7a1d-e3b2-439c-8818-0eb1b69b56b4"",""replica"":""deff1601-8d89-4c9a-aef7-3a613d23deec""}",2026-01-11T00:40:23.671062435Z
[Socket] Disconnected: GQ4HeUmuIBTvpONCAAB1,"{""level"":""info""}","{""project"":""d4aae26b-9fab-4baa-93f4-1b393c6d7c8a"",""environment"":""6d4d10f8-ef6e-4a33-ba9c-6a725e4554a8"",""service"":""51cba4c8-134f-4e77-9ac9-02d403d57a06"",""deployment"":""21ac7a1d-e3b2-439c-8818-0eb1b69b56b4"",""replica"":""deff1601-8d89-4c9a-aef7-3a613d23deec""}",2026-01-11T00:40:23.671079708Z
"[Leave] ""Shawn"" left F2QQK3","{""level"":""info""}","{""project"":""d4aae26b-9fab-4baa-93f4-1b393c6d7c8a"",""environment"":""6d4d10f8-ef6e-4a33-ba9c-6a725e4554a8"",""service"":""51cba4c8-134f-4e77-9ac9-02d403d57a06"",""deployment"":""21ac7a1d-e3b2-439c-8818-0eb1b69b56b4"",""replica"":""deff1601-8d89-4c9a-aef7-3a613d23deec""}",2026-01-11T00:40:23.671089210Z
[Socket] Connected: ybzeqW68EbetlwehAAB3,"{""level"":""info""}","{""project"":""d4aae26b-9fab-4baa-93f4-1b393c6d7c8a"",""environment"":""6d4d10f8-ef6e-4a33-ba9c-6a725e4554a8"",""service"":""51cba4c8-134f-4e77-9ac9-02d403d57a06"",""deployment"":""21ac7a1d-e3b2-439c-8818-0eb1b69b56b4"",""replica"":""deff1601-8d89-4c9a-aef7-3a613d23deec""}",2026-01-11T00:43:25.384271975Z
[Socket] Connected: ut5k8G_eU7S7-5TkAAB5,"{""level"":""info""}","{""project"":""d4aae26b-9fab-4baa-93f4-1b393c6d7c8a"",""environment"":""6d4d10f8-ef6e-4a33-ba9c-6a725e4554a8"",""service"":""51cba4c8-134f-4e77-9ac9-02d403d57a06"",""deployment"":""21ac7a1d-e3b2-439c-8818-0eb1b69b56b4"",""replica"":""deff1601-8d89-4c9a-aef7-3a613d23deec""}",2026-01-11T00:43:27.015246715Z
"[Rejoin] ""Shawn"" attempting to rejoin F2QQK3 as host","{""level"":""info""}","{""project"":""d4aae26b-9fab-4baa-93f4-1b393c6d7c8a"",""environment"":""6d4d10f8-ef6e-4a33-ba9c-6a725e4554a8"",""service"":""51cba4c8-134f-4e77-9ac9-02d403d57a06"",""deployment"":""21ac7a1d-e3b2-439c-8818-0eb1b69b56b4"",""replica"":""deff1601-8d89-4c9a-aef7-3a613d23deec""}",2026-01-11T00:43:27.015255221Z
"[Rejoin] ""Shawn"" rejoined F2QQK3 as host","{""level"":""info""}","{""project"":""d4aae26b-9fab-4baa-93f4-1b393c6d7c8a"",""environment"":""6d4d10f8-ef6e-4a33-ba9c-6a725e4554a8"",""service"":""51cba4c8-134f-4e77-9ac9-02d403d57a06"",""deployment"":""21ac7a1d-e3b2-439c-8818-0eb1b69b56b4"",""replica"":""deff1601-8d89-4c9a-aef7-3a613d23deec""}",2026-01-11T00:43:27.015262817Z
[Socket] Disconnected: ybzeqW68EbetlwehAAB3,"{""level"":""info""}","{""project"":""d4aae26b-9fab-4baa-93f4-1b393c6d7c8a"",""environment"":""6d4d10f8-ef6e-4a33-ba9c-6a725e4554a8"",""service"":""51cba4c8-134f-4e77-9ac9-02d403d57a06"",""deployment"":""21ac7a1d-e3b2-439c-8818-0eb1b69b56b4"",""replica"":""deff1601-8d89-4c9a-aef7-3a613d23deec""}",2026-01-11T00:44:06.933180607Z
[Socket] Disconnected: ut5k8G_eU7S7-5TkAAB5,"{""level"":""info""}","{""project"":""d4aae26b-9fab-4baa-93f4-1b393c6d7c8a"",""environment"":""6d4d10f8-ef6e-4a33-ba9c-6a725e4554a8"",""service"":""51cba4c8-134f-4e77-9ac9-02d403d57a06"",""deployment"":""21ac7a1d-e3b2-439c-8818-0eb1b69b56b4"",""replica"":""deff1601-8d89-4c9a-aef7-3a613d23deec""}",2026-01-11T00:44:06.933189917Z
"[Leave] ""Shawn"" left F2QQK3","{""level"":""info""}","{""project"":""d4aae26b-9fab-4baa-93f4-1b393c6d7c8a"",""environment"":""6d4d10f8-ef6e-4a33-ba9c-6a725e4554a8"",""service"":""51cba4c8-134f-4e77-9ac9-02d403d57a06"",""deployment"":""21ac7a1d-e3b2-439c-8818-0eb1b69b56b4"",""replica"":""deff1601-8d89-4c9a-aef7-3a613d23deec""}",2026-01-11T00:44:06.933198647Z
[Socket] Connected: cvrJNCAjq179_lxYAAB7,"{""level"":""info""}","{""project"":""d4aae26b-9fab-4baa-93f4-1b393c6d7c8a"",""environment"":""6d4d10f8-ef6e-4a33-ba9c-6a725e4554a8"",""service"":""51cba4c8-134f-4e77-9ac9-02d403d57a06"",""deployment"":""21ac7a1d-e3b2-439c-8818-0eb1b69b56b4"",""replica"":""deff1601-8d89-4c9a-aef7-3a613d23deec""}",2026-01-11T00:45:47.262815358Z
"[Rejoin] ""Shawn"" attempting to rejoin F2QQK3 as host","{""level"":""info""}","{""project"":""d4aae26b-9fab-4baa-93f4-1b393c6d7c8a"",""environment"":""6d4d10f8-ef6e-4a33-ba9c-6a725e4554a8"",""service"":""51cba4c8-134f-4e77-9ac9-02d403d57a06"",""deployment"":""21ac7a1d-e3b2-439c-8818-0eb1b69b56b4"",""replica"":""deff1601-8d89-4c9a-aef7-3a613d23deec""}",2026-01-11T00:45:47.262824061Z
"[Rejoin] ""Shawn"" rejoined F2QQK3 as host","{""level"":""info""}","{""project"":""d4aae26b-9fab-4baa-93f4-1b393c6d7c8a"",""environment"":""6d4d10f8-ef6e-4a33-ba9c-6a725e4554a8"",""service"":""51cba4c8-134f-4e77-9ac9-02d403d57a06"",""deployment"":""21ac7a1d-e3b2-439c-8818-0eb1b69b56b4"",""replica"":""deff1601-8d89-4c9a-aef7-3a613d23deec""}",2026-01-11T00:45:47.262832978Z
[Socket] Disconnected: cvrJNCAjq179_lxYAAB7,"{""level"":""info""}","{""project"":""d4aae26b-9fab-4baa-93f4-1b393c6d7c8a"",""environment"":""6d4d10f8-ef6e-4a33-ba9c-6a725e4554a8"",""service"":""51cba4c8-134f-4e77-9ac9-02d403d57a06"",""deployment"":""21ac7a1d-e3b2-439c-8818-0eb1b69b56b4"",""replica"":""deff1601-8d89-4c9a-aef7-3a613d23deec""}",2026-01-11T00:47:17.374892626Z
"[Leave] ""Shawn"" left F2QQK3","{""level"":""info""}","{""project"":""d4aae26b-9fab-4baa-93f4-1b393c6d7c8a"",""environment"":""6d4d10f8-ef6e-4a33-ba9c-6a725e4554a8"",""service"":""51cba4c8-134f-4e77-9ac9-02d403d57a06"",""deployment"":""21ac7a1d-e3b2-439c-8818-0eb1b69b56b4"",""replica"":""deff1601-8d89-4c9a-aef7-3a613d23deec""}",2026-01-11T00:47:17.374900687Z
[Socket] Connected: 0yjEm4GYagm7mcloAAB9,"{""level"":""info""}","{""project"":""d4aae26b-9fab-4baa-93f4-1b393c6d7c8a"",""environment"":""6d4d10f8-ef6e-4a33-ba9c-6a725e4554a8"",""service"":""51cba4c8-134f-4e77-9ac9-02d403d57a06"",""deployment"":""21ac7a1d-e3b2-439c-8818-0eb1b69b56b4"",""replica"":""deff1601-8d89-4c9a-aef7-3a613d23deec""}",2026-01-11T00:52:00.249080170Z
"[Rejoin] ""Shawn"" attempting to rejoin F2QQK3 as host","{""level"":""info""}","{""project"":""d4aae26b-9fab-4baa-93f4-1b393c6d7c8a"",""environment"":""6d4d10f8-ef6e-4a33-ba9c-6a725e4554a8"",""service"":""51cba4c8-134f-4e77-9ac9-02d403d57a06"",""deployment"":""21ac7a1d-e3b2-439c-8818-0eb1b69b56b4"",""replica"":""deff1601-8d89-4c9a-aef7-3a613d23deec""}",2026-01-11T00:52:00.249092981Z
"[Rejoin] ""Shawn"" rejoined F2QQK3 as host","{""level"":""info""}","{""project"":""d4aae26b-9fab-4baa-93f4-1b393c6d7c8a"",""environment"":""6d4d10f8-ef6e-4a33-ba9c-6a725e4554a8"",""service"":""51cba4c8-134f-4e77-9ac9-02d403d57a06"",""deployment"":""21ac7a1d-e3b2-439c-8818-0eb1b69b56b4"",""replica"":""deff1601-8d89-4c9a-aef7-3a613d23deec""}",2026-01-11T00:52:00.249101037Z
[Socket] Disconnected: 0yjEm4GYagm7mcloAAB9,"{""level"":""info""}","{""project"":""d4aae26b-9fab-4baa-93f4-1b393c6d7c8a"",""environment"":""6d4d10f8-ef6e-4a33-ba9c-6a725e4554a8"",""service"":""51cba4c8-134f-4e77-9ac9-02d403d57a06"",""deployment"":""21ac7a1d-e3b2-439c-8818-0eb1b69b56b4"",""replica"":""deff1601-8d89-4c9a-aef7-3a613d23deec""}",2026-01-11T00:52:40.217164010Z
"[Leave] ""Shawn"" left F2QQK3","{""level"":""info""}","{""project"":""d4aae26b-9fab-4baa-93f4-1b393c6d7c8a"",""environment"":""6d4d10f8-ef6e-4a33-ba9c-6a725e4554a8"",""service"":""51cba4c8-134f-4e77-9ac9-02d403d57a06"",""deployment"":""21ac7a1d-e3b2-439c-8818-0eb1b69b56b4"",""replica"":""deff1601-8d89-4c9a-aef7-3a613d23deec""}",2026-01-11T00:52:40.217174773Z
[Socket] Connected: LsGAzp1bRNxOJDsDAAB_,"{""level"":""info""}","{""project"":""d4aae26b-9fab-4baa-93f4-1b393c6d7c8a"",""environment"":""6d4d10f8-ef6e-4a33-ba9c-6a725e4554a8"",""service"":""51cba4c8-134f-4e77-9ac9-02d403d57a06"",""deployment"":""21ac7a1d-e3b2-439c-8818-0eb1b69b56b4"",""replica"":""deff1601-8d89-4c9a-aef7-3a613d23deec""}",2026-01-11T01:02:25.433621218Z
[Socket] Disconnected: LsGAzp1bRNxOJDsDAAB_,"{""level"":""info""}","{""project"":""d4aae26b-9fab-4baa-93f4-1b393c6d7c8a"",""environment"":""6d4d10f8-ef6e-4a33-ba9c-6a725e4554a8"",""service"":""51cba4c8-134f-4e77-9ac9-02d403d57a06"",""deployment"":""21ac7a1d-e3b2-439c-8818-0eb1b69b56b4"",""replica"":""deff1601-8d89-4c9a-aef7-3a613d23deec""}",2026-01-11T01:03:35.751220551Z
[Socket] Connected: xe3bFzTATMF0N4U8AACB,"{""level"":""info""}","{""project"":""d4aae26b-9fab-4baa-93f4-1b393c6d7c8a"",""environment"":""6d4d10f8-ef6e-4a33-ba9c-6a725e4554a8"",""service"":""51cba4c8-134f-4e77-9ac9-02d403d57a06"",""deployment"":""21ac7a1d-e3b2-439c-8818-0eb1b69b56b4"",""replica"":""deff1601-8d89-4c9a-aef7-3a613d23deec""}",2026-01-11T01:08:38.539968027Z
"[Rejoin] ""Shawn"" attempting to rejoin F2QQK3 as host","{""level"":""info""}","{""project"":""d4aae26b-9fab-4baa-93f4-1b393c6d7c8a"",""environment"":""6d4d10f8-ef6e-4a33-ba9c-6a725e4554a8"",""service"":""51cba4c8-134f-4e77-9ac9-02d403d57a06"",""deployment"":""21ac7a1d-e3b2-439c-8818-0eb1b69b56b4"",""replica"":""deff1601-8d89-4c9a-aef7-3a613d23deec""}",2026-01-11T01:08:38.539981759Z
"[Rejoin] ""Shawn"" rejoined F2QQK3 as host","{""level"":""info""}","{""project"":""d4aae26b-9fab-4baa-93f4-1b393c6d7c8a"",""environment"":""6d4d10f8-ef6e-4a33-ba9c-6a725e4554a8"",""service"":""51cba4c8-134f-4e77-9ac9-02d403d57a06"",""deployment"":""21ac7a1d-e3b2-439c-8818-0eb1b69b56b4"",""replica"":""deff1601-8d89-4c9a-aef7-3a613d23deec""}",2026-01-11T01:08:38.539991044Z
[Socket] Connected: zRbe1je7eS3b9bCvAACD,"{""level"":""info""}","{""project"":""d4aae26b-9fab-4baa-93f4-1b393c6d7c8a"",""environment"":""6d4d10f8-ef6e-4a33-ba9c-6a725e4554a8"",""service"":""51cba4c8-134f-4e77-9ac9-02d403d57a06"",""deployment"":""21ac7a1d-e3b2-439c-8818-0eb1b69b56b4"",""replica"":""deff1601-8d89-4c9a-aef7-3a613d23deec""}",2026-01-11T01:09:08.945503771Z
[Socket] Disconnected: xe3bFzTATMF0N4U8AACB,"{""level"":""info""}","{""project"":""d4aae26b-9fab-4baa-93f4-1b393c6d7c8a"",""environment"":""6d4d10f8-ef6e-4a33-ba9c-6a725e4554a8"",""service"":""51cba4c8-134f-4e77-9ac9-02d403d57a06"",""deployment"":""21ac7a1d-e3b2-439c-8818-0eb1b69b56b4"",""replica"":""deff1601-8d89-4c9a-aef7-3a613d23deec""}",2026-01-11T01:09:49.202143724Z
"[Leave] ""Shawn"" left F2QQK3","{""level"":""info""}","{""project"":""d4aae26b-9fab-4baa-93f4-1b393c6d7c8a"",""environment"":""6d4d10f8-ef6e-4a33-ba9c-6a725e4554a8"",""service"":""51cba4c8-134f-4e77-9ac9-02d403d57a06"",""deployment"":""21ac7a1d-e3b2-439c-8818-0eb1b69b56b4"",""replica"":""deff1601-8d89-4c9a-aef7-3a613d23deec""}",2026-01-11T01:09:49.202153085Z
[Socket] Disconnected: zRbe1je7eS3b9bCvAACD,"{""level"":""info""}","{""project"":""d4aae26b-9fab-4baa-93f4-1b393c6d7c8a"",""environment"":""6d4d10f8-ef6e-4a33-ba9c-6a725e4554a8"",""service"":""51cba4c8-134f-4e77-9ac9-02d403d57a06"",""deployment"":""21ac7a1d-e3b2-439c-8818-0eb1b69b56b4"",""replica"":""deff1601-8d89-4c9a-aef7-3a613d23deec""}",2026-01-11T01:09:49.202163276Z
[Socket] Connected: x-vNbhtrrVp_V6QAAACF,"{""level"":""info""}","{""project"":""d4aae26b-9fab-4baa-93f4-1b393c6d7c8a"",""environment"":""6d4d10f8-ef6e-4a33-ba9c-6a725e4554a8"",""service"":""51cba4c8-134f-4e77-9ac9-02d403d57a06"",""deployment"":""21ac7a1d-e3b2-439c-8818-0eb1b69b56b4"",""replica"":""deff1601-8d89-4c9a-aef7-3a613d23deec""}",2026-01-11T01:11:20.359196610Z
"[Rejoin] ""Shawn"" attempting to rejoin F2QQK3 as host","{""level"":""info""}","{""project"":""d4aae26b-9fab-4baa-93f4-1b393c6d7c8a"",""environment"":""6d4d10f8-ef6e-4a33-ba9c-6a725e4554a8"",""service"":""51cba4c8-134f-4e77-9ac9-02d403d57a06"",""deployment"":""21ac7a1d-e3b2-439c-8818-0eb1b69b56b4"",""replica"":""deff1601-8d89-4c9a-aef7-3a613d23deec""}",2026-01-11T01:11:20.359206479Z
"[Rejoin] ""Shawn"" rejoined F2QQK3 as host","{""level"":""info""}","{""project"":""d4aae26b-9fab-4baa-93f4-1b393c6d7c8a"",""environment"":""6d4d10f8-ef6e-4a33-ba9c-6a725e4554a8"",""service"":""51cba4c8-134f-4e77-9ac9-02d403d57a06"",""deployment"":""21ac7a1d-e3b2-439c-8818-0eb1b69b56b4"",""replica"":""deff1601-8d89-4c9a-aef7-3a613d23deec""}",2026-01-11T01:11:20.359216657Z
[Socket] Connected: w0Z0S11bXy_HMu-LAACH,"{""level"":""info""}","{""project"":""d4aae26b-9fab-4baa-93f4-1b393c6d7c8a"",""environment"":""6d4d10f8-ef6e-4a33-ba9c-6a725e4554a8"",""service"":""51cba4c8-134f-4e77-9ac9-02d403d57a06"",""deployment"":""21ac7a1d-e3b2-439c-8818-0eb1b69b56b4"",""replica"":""deff1601-8d89-4c9a-aef7-3a613d23deec""}",2026-01-11T01:11:20.359225039Z
[Socket] Disconnected: x-vNbhtrrVp_V6QAAACF,"{""level"":""info""}","{""project"":""d4aae26b-9fab-4baa-93f4-1b393c6d7c8a"",""environment"":""6d4d10f8-ef6e-4a33-ba9c-6a725e4554a8"",""service"":""51cba4c8-134f-4e77-9ac9-02d403d57a06"",""deployment"":""21ac7a1d-e3b2-439c-8818-0eb1b69b56b4"",""replica"":""deff1601-8d89-4c9a-aef7-3a613d23deec""}",2026-01-11T01:12:00.306131577Z
"[Leave] ""Shawn"" left F2QQK3","{""level"":""info""}","{""project"":""d4aae26b-9fab-4baa-93f4-1b393c6d7c8a"",""environment"":""6d4d10f8-ef6e-4a33-ba9c-6a725e4554a8"",""service"":""51cba4c8-134f-4e77-9ac9-02d403d57a06"",""deployment"":""21ac7a1d-e3b2-439c-8818-0eb1b69b56b4"",""replica"":""deff1601-8d89-4c9a-aef7-3a613d23deec""}",2026-01-11T01:12:00.306142115Z
[Socket] Disconnected: w0Z0S11bXy_HMu-LAACH,"{""level"":""info""}","{""project"":""d4aae26b-9fab-4baa-93f4-1b393c6d7c8a"",""environment"":""6d4d10f8-ef6e-4a33-ba9c-6a725e4554a8"",""service"":""51cba4c8-134f-4e77-9ac9-02d403d57a06"",""deployment"":""21ac7a1d-e3b2-439c-8818-0eb1b69b56b4"",""replica"":""deff1601-8d89-4c9a-aef7-3a613d23deec""}",2026-01-11T01:12:00.306160278Z
[Socket] Connected: wnImN4loL7lvL7b-AACJ,"{""level"":""info""}","{""project"":""d4aae26b-9fab-4baa-93f4-1b393c6d7c8a"",""environment"":""6d4d10f8-ef6e-4a33-ba9c-6a725e4554a8"",""service"":""51cba4c8-134f-4e77-9ac9-02d403d57a06"",""deployment"":""21ac7a1d-e3b2-439c-8818-0eb1b69b56b4"",""replica"":""deff1601-8d89-4c9a-aef7-3a613d23deec""}",2026-01-11T01:12:50.775041391Z
[Socket] Connected: 8PcSKM35oOVu6wuvAACL,"{""level"":""info""}","{""project"":""d4aae26b-9fab-4baa-93f4-1b393c6d7c8a"",""environment"":""6d4d10f8-ef6e-4a33-ba9c-6a725e4554a8"",""service"":""51cba4c8-134f-4e77-9ac9-02d403d57a06"",""deployment"":""21ac7a1d-e3b2-439c-8818-0eb1b69b56b4"",""replica"":""deff1601-8d89-4c9a-aef7-3a613d23deec""}",2026-01-11T01:12:50.775049516Z
"[Rejoin] ""Shawn"" attempting to rejoin F2QQK3 as host","{""level"":""info""}","{""project"":""d4aae26b-9fab-4baa-93f4-1b393c6d7c8a"",""environment"":""6d4d10f8-ef6e-4a33-ba9c-6a725e4554a8"",""service"":""51cba4c8-134f-4e77-9ac9-02d403d57a06"",""deployment"":""21ac7a1d-e3b2-439c-8818-0eb1b69b56b4"",""replica"":""deff1601-8d89-4c9a-aef7-3a613d23deec""}",2026-01-11T01:12:50.775057018Z
"[Rejoin] ""Shawn"" rejoined F2QQK3 as host","{""level"":""info""}","{""project"":""d4aae26b-9fab-4baa-93f4-1b393c6d7c8a"",""environment"":""6d4d10f8-ef6e-4a33-ba9c-6a725e4554a8"",""service"":""51cba4c8-134f-4e77-9ac9-02d403d57a06"",""deployment"":""21ac7a1d-e3b2-439c-8818-0eb1b69b56b4"",""replica"":""deff1601-8d89-4c9a-aef7-3a613d23deec""}",2026-01-11T01:12:50.775065483Z
[Socket] Disconnected: wnImN4loL7lvL7b-AACJ,"{""level"":""info""}","{""project"":""d4aae26b-9fab-4baa-93f4-1b393c6d7c8a"",""environment"":""6d4d10f8-ef6e-4a33-ba9c-6a725e4554a8"",""service"":""51cba4c8-134f-4e77-9ac9-02d403d57a06"",""deployment"":""21ac7a1d-e3b2-439c-8818-0eb1b69b56b4"",""replica"":""deff1601-8d89-4c9a-aef7-3a613d23deec""}",2026-01-11T01:13:31.113645528Z
[Socket] Disconnected: 8PcSKM35oOVu6wuvAACL,"{""level"":""info""}","{""project"":""d4aae26b-9fab-4baa-93f4-1b393c6d7c8a"",""environment"":""6d4d10f8-ef6e-4a33-ba9c-6a725e4554a8"",""service"":""51cba4c8-134f-4e77-9ac9-02d403d57a06"",""deployment"":""21ac7a1d-e3b2-439c-8818-0eb1b69b56b4"",""replica"":""deff1601-8d89-4c9a-aef7-3a613d23deec""}",2026-01-11T01:13:31.113658902Z
"[Leave] ""Shawn"" left F2QQK3","{""level"":""info""}","{""project"":""d4aae26b-9fab-4baa-93f4-1b393c6d7c8a"",""environment"":""6d4d10f8-ef6e-4a33-ba9c-6a725e4554a8"",""service"":""51cba4c8-134f-4e77-9ac9-02d403d57a06"",""deployment"":""21ac7a1d-e3b2-439c-8818-0eb1b69b56b4"",""replica"":""deff1601-8d89-4c9a-aef7-3a613d23deec""}",2026-01-11T01:13:31.113667917Z
[Socket] Connected: vmdmMrSw5jLrs52lAACN,"{""level"":""info""}","{""project"":""d4aae26b-9fab-4baa-93f4-1b393c6d7c8a"",""environment"":""6d4d10f8-ef6e-4a33-ba9c-6a725e4554a8"",""service"":""51cba4c8-134f-4e77-9ac9-02d403d57a06"",""deployment"":""21ac7a1d-e3b2-439c-8818-0eb1b69b56b4"",""replica"":""deff1601-8d89-4c9a-aef7-3a613d23deec""}",2026-01-11T01:13:51.068874967Z
"[Rejoin] ""Shawn"" attempting to rejoin F2QQK3 as host","{""level"":""info""}","{""project"":""d4aae26b-9fab-4baa-93f4-1b393c6d7c8a"",""environment"":""6d4d10f8-ef6e-4a33-ba9c-6a725e4554a8"",""service"":""51cba4c8-134f-4e77-9ac9-02d403d57a06"",""deployment"":""21ac7a1d-e3b2-439c-8818-0eb1b69b56b4"",""replica"":""deff1601-8d89-4c9a-aef7-3a613d23deec""}",2026-01-11T01:13:51.068889597Z
"[Rejoin] ""Shawn"" rejoined F2QQK3 as host","{""level"":""info""}","{""project"":""d4aae26b-9fab-4baa-93f4-1b393c6d7c8a"",""environment"":""6d4d10f8-ef6e-4a33-ba9c-6a725e4554a8"",""service"":""51cba4c8-134f-4e77-9ac9-02d403d57a06"",""deployment"":""21ac7a1d-e3b2-439c-8818-0eb1b69b56b4"",""replica"":""deff1601-8d89-4c9a-aef7-3a613d23deec""}",2026-01-11T01:13:51.068898225Z
[Socket] Connected: CBJ6hwmM681TftyFAACP,"{""level"":""info""}","{""project"":""d4aae26b-9fab-4baa-93f4-1b393c6d7c8a"",""environment"":""6d4d10f8-ef6e-4a33-ba9c-6a725e4554a8"",""service"":""51cba4c8-134f-4e77-9ac9-02d403d57a06"",""deployment"":""21ac7a1d-e3b2-439c-8818-0eb1b69b56b4"",""replica"":""deff1601-8d89-4c9a-aef7-3a613d23deec""}",2026-01-11T01:13:51.068906129Z
"[Score] Submitted by ""Shawn"" for match EKrpSvRH","{""level"":""info""}","{""project"":""d4aae26b-9fab-4baa-93f4-1b393c6d7c8a"",""environment"":""6d4d10f8-ef6e-4a33-ba9c-6a725e4554a8"",""service"":""51cba4c8-134f-4e77-9ac9-02d403d57a06"",""deployment"":""21ac7a1d-e3b2-439c-8818-0eb1b69b56b4"",""replica"":""deff1601-8d89-4c9a-aef7-3a613d23deec""}",2026-01-11T01:13:54.122963242Z
"[Score] Submitted by ""Shawn"" for match 7GqX3aB0","{""level"":""info""}","{""project"":""d4aae26b-9fab-4baa-93f4-1b393c6d7c8a"",""environment"":""6d4d10f8-ef6e-4a33-ba9c-6a725e4554a8"",""service"":""51cba4c8-134f-4e77-9ac9-02d403d57a06"",""deployment"":""21ac7a1d-e3b2-439c-8818-0eb1b69b56b4"",""replica"":""deff1601-8d89-4c9a-aef7-3a613d23deec""}",2026-01-11T01:14:14.315317607Z
[Socket] Connected: AXcorc2_j_BfVef7AACR,"{""level"":""info""}","{""project"":""d4aae26b-9fab-4baa-93f4-1b393c6d7c8a"",""environment"":""6d4d10f8-ef6e-4a33-ba9c-6a725e4554a8"",""service"":""51cba4c8-134f-4e77-9ac9-02d403d57a06"",""deployment"":""21ac7a1d-e3b2-439c-8818-0eb1b69b56b4"",""replica"":""deff1601-8d89-4c9a-aef7-3a613d23deec""}",2026-01-11T01:14:34.257955087Z
[Socket] Connected: hQY2mLuEN4DnoZ2vAACT,"{""level"":""info""}","{""project"":""d4aae26b-9fab-4baa-93f4-1b393c6d7c8a"",""environment"":""6d4d10f8-ef6e-4a33-ba9c-6a725e4554a8"",""service"":""51cba4c8-134f-4e77-9ac9-02d403d57a06"",""deployment"":""21ac7a1d-e3b2-439c-8818-0eb1b69b56b4"",""replica"":""deff1601-8d89-4c9a-aef7-3a613d23deec""}",2026-01-11T01:14:34.257963604Z
"[Score] Submitted by ""Shawn"" for match 2qxYxs_r","{""level"":""info""}","{""project"":""d4aae26b-9fab-4baa-93f4-1b393c6d7c8a"",""environment"":""6d4d10f8-ef6e-4a33-ba9c-6a725e4554a8"",""service"":""51cba4c8-134f-4e77-9ac9-02d403d57a06"",""deployment"":""21ac7a1d-e3b2-439c-8818-0eb1b69b56b4"",""replica"":""deff1601-8d89-4c9a-aef7-3a613d23deec""}",2026-01-11T01:14:34.257971471Z
[Socket] Disconnected: CBJ6hwmM681TftyFAACP,"{""level"":""info""}","{""project"":""d4aae26b-9fab-4baa-93f4-1b393c6d7c8a"",""environment"":""6d4d10f8-ef6e-4a33-ba9c-6a725e4554a8"",""service"":""51cba4c8-134f-4e77-9ac9-02d403d57a06"",""deployment"":""21ac7a1d-e3b2-439c-8818-0eb1b69b56b4"",""replica"":""deff1601-8d89-4c9a-aef7-3a613d23deec""}",2026-01-11T01:14:54.148849688Z
[Socket] Connected: FBth84s_Yj__ssMiAACV,"{""level"":""info""}","{""project"":""d4aae26b-9fab-4baa-93f4-1b393c6d7c8a"",""environment"":""6d4d10f8-ef6e-4a33-ba9c-6a725e4554a8"",""service"":""51cba4c8-134f-4e77-9ac9-02d403d57a06"",""deployment"":""21ac7a1d-e3b2-439c-8818-0eb1b69b56b4"",""replica"":""deff1601-8d89-4c9a-aef7-3a613d23deec""}",2026-01-11T01:15:02.497443757Z
[Socket] Connected: XLb6LH1-_JqjxN_GAACX,"{""level"":""info""}","{""project"":""d4aae26b-9fab-4baa-93f4-1b393c6d7c8a"",""environment"":""6d4d10f8-ef6e-4a33-ba9c-6a725e4554a8"",""service"":""51cba4c8-134f-4e77-9ac9-02d403d57a06"",""deployment"":""21ac7a1d-e3b2-439c-8818-0eb1b69b56b4"",""replica"":""deff1601-8d89-4c9a-aef7-3a613d23deec""}",2026-01-11T01:15:02.627624894Z
[Socket] Connected: 7gVcz1AqtZuwMVcAAACZ,"{""level"":""info""}","{""project"":""d4aae26b-9fab-4baa-93f4-1b393c6d7c8a"",""environment"":""6d4d10f8-ef6e-4a33-ba9c-6a725e4554a8"",""service"":""51cba4c8-134f-4e77-9ac9-02d403d57a06"",""deployment"":""21ac7a1d-e3b2-439c-8818-0eb1b69b56b4"",""replica"":""deff1601-8d89-4c9a-aef7-3a613d23deec""}",2026-01-11T01:15:32.481586289Z
[Socket] Disconnected: XLb6LH1-_JqjxN_GAACX,"{""level"":""info""}","{""project"":""d4aae26b-9fab-4baa-93f4-1b393c6d7c8a"",""environment"":""6d4d10f8-ef6e-4a33-ba9c-6a725e4554a8"",""service"":""51cba4c8-134f-4e77-9ac9-02d403d57a06"",""deployment"":""21ac7a1d-e3b2-439c-8818-0eb1b69b56b4"",""replica"":""deff1601-8d89-4c9a-aef7-3a613d23deec""}",2026-01-11T01:15:39.418787446Z
[Socket] Disconnected: FBth84s_Yj__ssMiAACV,"{""level"":""info""}","{""project"":""d4aae26b-9fab-4baa-93f4-1b393c6d7c8a"",""environment"":""6d4d10f8-ef6e-4a33-ba9c-6a725e4554a8"",""service"":""51cba4c8-134f-4e77-9ac9-02d403d57a06"",""deployment"":""21ac7a1d-e3b2-439c-8818-0eb1b69b56b4"",""replica"":""deff1601-8d89-4c9a-aef7-3a613d23deec""}",2026-01-11T01:15:39.418797434Z
[Socket] Connected: 8xiQGBGujOMM1WmmAACb,"{""level"":""info""}","{""project"":""d4aae26b-9fab-4baa-93f4-1b393c6d7c8a"",""environment"":""6d4d10f8-ef6e-4a33-ba9c-6a725e4554a8"",""service"":""51cba4c8-134f-4e77-9ac9-02d403d57a06"",""deployment"":""21ac7a1d-e3b2-439c-8818-0eb1b69b56b4"",""replica"":""deff1601-8d89-4c9a-aef7-3a613d23deec""}",2026-01-11T01:15:39.424052147Z
"[Join] ""Shawn"" attempting to join F2QQ3","{""level"":""info""}","{""project"":""d4aae26b-9fab-4baa-93f4-1b393c6d7c8a"",""environment"":""6d4d10f8-ef6e-4a33-ba9c-6a725e4554a8"",""service"":""51cba4c8-134f-4e77-9ac9-02d403d57a06"",""deployment"":""21ac7a1d-e3b2-439c-8818-0eb1b69b56b4"",""replica"":""deff1601-8d89-4c9a-aef7-3a613d23deec""}",2026-01-11T01:15:59.383370818Z
"[Join] ""Shawn"" attempting to join F2QQK3","{""level"":""info""}","{""project"":""d4aae26b-9fab-4baa-93f4-1b393c6d7c8a"",""environment"":""6d4d10f8-ef6e-4a33-ba9c-6a725e4554a8"",""service"":""51cba4c8-134f-4e77-9ac9-02d403d57a06"",""deployment"":""21ac7a1d-e3b2-439c-8818-0eb1b69b56b4"",""replica"":""deff1601-8d89-4c9a-aef7-3a613d23deec""}",2026-01-11T01:16:29.569954976Z
"[Join] ""Shawn"" joined F2QQK3 as player mk900a9tfkgbxhf5p","{""level"":""info""}","{""project"":""d4aae26b-9fab-4baa-93f4-1b393c6d7c8a"",""environment"":""6d4d10f8-ef6e-4a33-ba9c-6a725e4554a8"",""service"":""51cba4c8-134f-4e77-9ac9-02d403d57a06"",""deployment"":""21ac7a1d-e3b2-439c-8818-0eb1b69b56b4"",""replica"":""deff1601-8d89-4c9a-aef7-3a613d23deec""}",2026-01-11T01:16:29.569964162Z
[Socket] Disconnected: hQY2mLuEN4DnoZ2vAACT,"{""level"":""info""}","{""project"":""d4aae26b-9fab-4baa-93f4-1b393c6d7c8a"",""environment"":""6d4d10f8-ef6e-4a33-ba9c-6a725e4554a8"",""service"":""51cba4c8-134f-4e77-9ac9-02d403d57a06"",""deployment"":""21ac7a1d-e3b2-439c-8818-0eb1b69b56b4"",""replica"":""deff1601-8d89-4c9a-aef7-3a613d23deec""}",2026-01-11T01:19:00.609140533Z
[Socket] Disconnected: AXcorc2_j_BfVef7AACR,"{""level"":""info""}","{""project"":""d4aae26b-9fab-4baa-93f4-1b393c6d7c8a"",""environment"":""6d4d10f8-ef6e-4a33-ba9c-6a725e4554a8"",""service"":""51cba4c8-134f-4e77-9ac9-02d403d57a06"",""deployment"":""21ac7a1d-e3b2-439c-8818-0eb1b69b56b4"",""replica"":""deff1601-8d89-4c9a-aef7-3a613d23deec""}",2026-01-11T01:19:00.609148273Z
"[Score] Submitted by ""Shawn"" for match f5TUId7n","{""level"":""info""}","{""project"":""d4aae26b-9fab-4baa-93f4-1b393c6d7c8a"",""environment"":""6d4d10f8-ef6e-4a33-ba9c-6a725e4554a8"",""service"":""51cba4c8-134f-4e77-9ac9-02d403d57a06"",""deployment"":""21ac7a1d-e3b2-439c-8818-0eb1b69b56b4"",""replica"":""deff1601-8d89-4c9a-aef7-3a613d23deec""}",2026-01-11T01:19:30.653996921Z
[Socket] Disconnected: 8xiQGBGujOMM1WmmAACb,"{""level"":""info""}","{""project"":""d4aae26b-9fab-4baa-93f4-1b393c6d7c8a"",""environment"":""6d4d10f8-ef6e-4a33-ba9c-6a725e4554a8"",""service"":""51cba4c8-134f-4e77-9ac9-02d403d57a06"",""deployment"":""21ac7a1d-e3b2-439c-8818-0eb1b69b56b4"",""replica"":""deff1601-8d89-4c9a-aef7-3a613d23deec""}",2026-01-11T01:19:50.340843656Z
"[Leave] ""Shawn"" left F2QQK3","{""level"":""info""}","{""project"":""d4aae26b-9fab-4baa-93f4-1b393c6d7c8a"",""environment"":""6d4d10f8-ef6e-4a33-ba9c-6a725e4554a8"",""service"":""51cba4c8-134f-4e77-9ac9-02d403d57a06"",""deployment"":""21ac7a1d-e3b2-439c-8818-0eb1b69b56b4"",""replica"":""deff1601-8d89-4c9a-aef7-3a613d23deec""}",2026-01-11T01:19:50.340855210Z
"[Score] Submitted by ""Shawn"" for match 5rIqDYXc","{""level"":""info""}","{""project"":""d4aae26b-9fab-4baa-93f4-1b393c6d7c8a"",""environment"":""6d4d10f8-ef6e-4a33-ba9c-6a725e4554a8"",""service"":""51cba4c8-134f-4e77-9ac9-02d403d57a06"",""deployment"":""21ac7a1d-e3b2-439c-8818-0eb1b69b56b4"",""replica"":""deff1601-8d89-4c9a-aef7-3a613d23deec""}",2026-01-11T01:21:30.890249785Z
DEBUG: Using regular bye logic (mode= byes_only count= 0,"{""level"":""info""}","{""project"":""d4aae26b-9fab-4baa-93f4-1b393c6d7c8a"",""environment"":""6d4d10f8-ef6e-4a33-ba9c-6a725e4554a8"",""service"":""51cba4c8-134f-4e77-9ac9-02d403d57a06"",""deployment"":""21ac7a1d-e3b2-439c-8818-0eb1b69b56b4"",""replica"":""deff1601-8d89-4c9a-aef7-3a613d23deec""}",2026-01-11T01:21:30.890259249Z
[Tournament] Next round generated: F2QQK3,"{""level"":""info""}","{""project"":""d4aae26b-9fab-4baa-93f4-1b393c6d7c8a"",""environment"":""6d4d10f8-ef6e-4a33-ba9c-6a725e4554a8"",""service"":""51cba4c8-134f-4e77-9ac9-02d403d57a06"",""deployment"":""21ac7a1d-e3b2-439c-8818-0eb1b69b56b4"",""replica"":""deff1601-8d89-4c9a-aef7-3a613d23deec""}",2026-01-11T01:21:30.890267942Z
[Socket] Disconnected: 7gVcz1AqtZuwMVcAAACZ,"{""level"":""info""}","{""project"":""d4aae26b-9fab-4baa-93f4-1b393c6d7c8a"",""environment"":""6d4d10f8-ef6e-4a33-ba9c-6a725e4554a8"",""service"":""51cba4c8-134f-4e77-9ac9-02d403d57a06"",""deployment"":""21ac7a1d-e3b2-439c-8818-0eb1b69b56b4"",""replica"":""deff1601-8d89-4c9a-aef7-3a613d23deec""}",2026-01-11T01:24:13.290579061Z
[Socket] Connected: 8uuRUxXhy5ziFuHEAACd,"{""level"":""info""}","{""project"":""d4aae26b-9fab-4baa-93f4-1b393c6d7c8a"",""environment"":""6d4d10f8-ef6e-4a33-ba9c-6a725e4554a8"",""service"":""51cba4c8-134f-4e77-9ac9-02d403d57a06"",""deployment"":""21ac7a1d-e3b2-439c-8818-0eb1b69b56b4"",""replica"":""deff1601-8d89-4c9a-aef7-3a613d23deec""}",2026-01-11T01:24:42.922048842Z
[Socket] Connected: 3GaP0hhIsm76Zg8FAACf,"{""level"":""info""}","{""project"":""d4aae26b-9fab-4baa-93f4-1b393c6d7c8a"",""environment"":""6d4d10f8-ef6e-4a33-ba9c-6a725e4554a8"",""service"":""51cba4c8-134f-4e77-9ac9-02d403d57a06"",""deployment"":""21ac7a1d-e3b2-439c-8818-0eb1b69b56b4"",""replica"":""deff1601-8d89-4c9a-aef7-3a613d23deec""}",2026-01-11T01:24:42.922056414Z
[Socket] Disconnected: vmdmMrSw5jLrs52lAACN,"{""level"":""info""}","{""project"":""d4aae26b-9fab-4baa-93f4-1b393c6d7c8a"",""environment"":""6d4d10f8-ef6e-4a33-ba9c-6a725e4554a8"",""service"":""51cba4c8-134f-4e77-9ac9-02d403d57a06"",""deployment"":""21ac7a1d-e3b2-439c-8818-0eb1b69b56b4"",""replica"":""deff1601-8d89-4c9a-aef7-3a613d23deec""}",2026-01-11T01:29:36.133167719Z
"[Leave] ""Shawn"" left F2QQK3","{""level"":""info""}","{""project"":""d4aae26b-9fab-4baa-93f4-1b393c6d7c8a"",""environment"":""6d4d10f8-ef6e-4a33-ba9c-6a725e4554a8"",""service"":""51cba4c8-134f-4e77-9ac9-02d403d57a06"",""deployment"":""21ac7a1d-e3b2-439c-8818-0eb1b69b56b4"",""replica"":""deff1601-8d89-4c9a-aef7-3a613d23deec""}",2026-01-11T01:29:36.133177205Z
[Socket] Connected: rgEnttoO3GG8ShZAAACh,"{""level"":""info""}","{""project"":""d4aae26b-9fab-4baa-93f4-1b393c6d7c8a"",""environment"":""6d4d10f8-ef6e-4a33-ba9c-6a725e4554a8"",""service"":""51cba4c8-134f-4e77-9ac9-02d403d57a06"",""deployment"":""21ac7a1d-e3b2-439c-8818-0eb1b69b56b4"",""replica"":""deff1601-8d89-4c9a-aef7-3a613d23deec""}",2026-01-11T01:29:36.133185643Z
"[Rejoin] ""Shawn"" attempting to rejoin F2QQK3 as host","{""level"":""info""}","{""project"":""d4aae26b-9fab-4baa-93f4-1b393c6d7c8a"",""environment"":""6d4d10f8-ef6e-4a33-ba9c-6a725e4554a8"",""service"":""51cba4c8-134f-4e77-9ac9-02d403d57a06"",""deployment"":""21ac7a1d-e3b2-439c-8818-0eb1b69b56b4"",""replica"":""deff1601-8d89-4c9a-aef7-3a613d23deec""}",2026-01-11T01:29:36.133193551Z
"[Rejoin] ""Shawn"" rejoined F2QQK3 as host","{""level"":""info""}","{""project"":""d4aae26b-9fab-4baa-93f4-1b393c6d7c8a"",""environment"":""6d4d10f8-ef6e-4a33-ba9c-6a725e4554a8"",""service"":""51cba4c8-134f-4e77-9ac9-02d403d57a06"",""deployment"":""21ac7a1d-e3b2-439c-8818-0eb1b69b56b4"",""replica"":""deff1601-8d89-4c9a-aef7-3a613d23deec""}",2026-01-11T01:29:36.133201620Z
[Socket] Disconnected: rgEnttoO3GG8ShZAAACh,"{""level"":""info""}","{""project"":""d4aae26b-9fab-4baa-93f4-1b393c6d7c8a"",""environment"":""6d4d10f8-ef6e-4a33-ba9c-6a725e4554a8"",""service"":""51cba4c8-134f-4e77-9ac9-02d403d57a06"",""deployment"":""21ac7a1d-e3b2-439c-8818-0eb1b69b56b4"",""replica"":""deff1601-8d89-4c9a-aef7-3a613d23deec""}",2026-01-11T01:30:16.241409073Z
"[Leave] ""Shawn"" left F2QQK3","{""level"":""info""}","{""project"":""d4aae26b-9fab-4baa-93f4-1b393c6d7c8a"",""environment"":""6d4d10f8-ef6e-4a33-ba9c-6a725e4554a8"",""service"":""51cba4c8-134f-4e77-9ac9-02d403d57a06"",""deployment"":""21ac7a1d-e3b2-439c-8818-0eb1b69b56b4"",""replica"":""deff1601-8d89-4c9a-aef7-3a613d23deec""}",2026-01-11T01:30:16.241417202Z
[Socket] Connected: 0EKuK7UqmFTY8Kh7AACj,"{""level"":""info""}","{""project"":""d4aae26b-9fab-4baa-93f4-1b393c6d7c8a"",""environment"":""6d4d10f8-ef6e-4a33-ba9c-6a725e4554a8"",""service"":""51cba4c8-134f-4e77-9ac9-02d403d57a06"",""deployment"":""21ac7a1d-e3b2-439c-8818-0eb1b69b56b4"",""replica"":""deff1601-8d89-4c9a-aef7-3a613d23deec""}",2026-01-11T01:35:30.321424561Z
"[Rejoin] ""Shawn"" attempting to rejoin F2QQK3 as host","{""level"":""info""}","{""project"":""d4aae26b-9fab-4baa-93f4-1b393c6d7c8a"",""environment"":""6d4d10f8-ef6e-4a33-ba9c-6a725e4554a8"",""service"":""51cba4c8-134f-4e77-9ac9-02d403d57a06"",""deployment"":""21ac7a1d-e3b2-439c-8818-0eb1b69b56b4"",""replica"":""deff1601-8d89-4c9a-aef7-3a613d23deec""}",2026-01-11T01:35:30.321432737Z
"[Rejoin] ""Shawn"" rejoined F2QQK3 as host","{""level"":""info""}","{""project"":""d4aae26b-9fab-4baa-93f4-1b393c6d7c8a"",""environment"":""6d4d10f8-ef6e-4a33-ba9c-6a725e4554a8"",""service"":""51cba4c8-134f-4e77-9ac9-02d403d57a06"",""deployment"":""21ac7a1d-e3b2-439c-8818-0eb1b69b56b4"",""replica"":""deff1601-8d89-4c9a-aef7-3a613d23deec""}",2026-01-11T01:35:30.321441242Z
[Socket] Disconnected: 0EKuK7UqmFTY8Kh7AACj,"{""level"":""info""}","{""project"":""d4aae26b-9fab-4baa-93f4-1b393c6d7c8a"",""environment"":""6d4d10f8-ef6e-4a33-ba9c-6a725e4554a8"",""service"":""51cba4c8-134f-4e77-9ac9-02d403d57a06"",""deployment"":""21ac7a1d-e3b2-439c-8818-0eb1b69b56b4"",""replica"":""deff1601-8d89-4c9a-aef7-3a613d23deec""}",2026-01-11T01:36:10.459344134Z
"[Leave] ""Shawn"" left F2QQK3","{""level"":""info""}","{""project"":""d4aae26b-9fab-4baa-93f4-1b393c6d7c8a"",""environment"":""6d4d10f8-ef6e-4a33-ba9c-6a725e4554a8"",""service"":""51cba4c8-134f-4e77-9ac9-02d403d57a06"",""deployment"":""21ac7a1d-e3b2-439c-8818-0eb1b69b56b4"",""replica"":""deff1601-8d89-4c9a-aef7-3a613d23deec""}",2026-01-11T01:36:10.459358909Z
[Socket] Disconnected: 3GaP0hhIsm76Zg8FAACf,"{""level"":""info""}","{""project"":""d4aae26b-9fab-4baa-93f4-1b393c6d7c8a"",""environment"":""6d4d10f8-ef6e-4a33-ba9c-6a725e4554a8"",""service"":""51cba4c8-134f-4e77-9ac9-02d403d57a06"",""deployment"":""21ac7a1d-e3b2-439c-8818-0eb1b69b56b4"",""replica"":""deff1601-8d89-4c9a-aef7-3a613d23deec""}",2026-01-11T01:39:40.964464576Z
[Socket] Disconnected: 8uuRUxXhy5ziFuHEAACd,"{""level"":""info""}","{""project"":""d4aae26b-9fab-4baa-93f4-1b393c6d7c8a"",""environment"":""6d4d10f8-ef6e-4a33-ba9c-6a725e4554a8"",""service"":""51cba4c8-134f-4e77-9ac9-02d403d57a06"",""deployment"":""21ac7a1d-e3b2-439c-8818-0eb1b69b56b4"",""replica"":""deff1601-8d89-4c9a-aef7-3a613d23deec""}",2026-01-11T01:39:40.964480088Z
[Socket] Connected: eaLTEsNRP2gtdYGEAACl,"{""level"":""info""}","{""project"":""d4aae26b-9fab-4baa-93f4-1b393c6d7c8a"",""environment"":""6d4d10f8-ef6e-4a33-ba9c-6a725e4554a8"",""service"":""51cba4c8-134f-4e77-9ac9-02d403d57a06"",""deployment"":""21ac7a1d-e3b2-439c-8818-0eb1b69b56b4"",""replica"":""deff1601-8d89-4c9a-aef7-3a613d23deec""}",2026-01-11T01:39:40.964490114Z
"[Join] """" attempting to join F2QQK3","{""level"":""info""}","{""project"":""d4aae26b-9fab-4baa-93f4-1b393c6d7c8a"",""environment"":""6d4d10f8-ef6e-4a33-ba9c-6a725e4554a8"",""service"":""51cba4c8-134f-4e77-9ac9-02d403d57a06"",""deployment"":""21ac7a1d-e3b2-439c-8818-0eb1b69b56b4"",""replica"":""deff1601-8d89-4c9a-aef7-3a613d23deec""}",2026-01-11T01:39:40.964499016Z
"[Join] """" joined F2QQK3 as spectator","{""level"":""info""}","{""project"":""d4aae26b-9fab-4baa-93f4-1b393c6d7c8a"",""environment"":""6d4d10f8-ef6e-4a33-ba9c-6a725e4554a8"",""service"":""51cba4c8-134f-4e77-9ac9-02d403d57a06"",""deployment"":""21ac7a1d-e3b2-439c-8818-0eb1b69b56b4"",""replica"":""deff1601-8d89-4c9a-aef7-3a613d23deec""}",2026-01-11T01:39:40.964508227Z
[Socket] Connected: QShU84I6IJZ-A7KaAACn,"{""level"":""info""}","{""project"":""d4aae26b-9fab-4baa-93f4-1b393c6d7c8a"",""environment"":""6d4d10f8-ef6e-4a33-ba9c-6a725e4554a8"",""service"":""51cba4c8-134f-4e77-9ac9-02d403d57a06"",""deployment"":""21ac7a1d-e3b2-439c-8818-0eb1b69b56b4"",""replica"":""deff1601-8d89-4c9a-aef7-3a613d23deec""}",2026-01-11T01:39:40.964516729Z
[Socket] Connected: xIlIbNb1yROloNSgAACp,"{""level"":""info""}","{""project"":""d4aae26b-9fab-4baa-93f4-1b393c6d7c8a"",""environment"":""6d4d10f8-ef6e-4a33-ba9c-6a725e4554a8"",""service"":""51cba4c8-134f-4e77-9ac9-02d403d57a06"",""deployment"":""21ac7a1d-e3b2-439c-8818-0eb1b69b56b4"",""replica"":""deff1601-8d89-4c9a-aef7-3a613d23deec""}",2026-01-11T01:41:21.704069516Z
"[Rejoin] ""Shawn"" attempting to rejoin F2QQK3 as host","{""level"":""info""}","{""project"":""d4aae26b-9fab-4baa-93f4-1b393c6d7c8a"",""environment"":""6d4d10f8-ef6e-4a33-ba9c-6a725e4554a8"",""service"":""51cba4c8-134f-4e77-9ac9-02d403d57a06"",""deployment"":""21ac7a1d-e3b2-439c-8818-0eb1b69b56b4"",""replica"":""deff1601-8d89-4c9a-aef7-3a613d23deec""}",2026-01-11T01:41:21.704078532Z
"[Rejoin] ""Shawn"" rejoined F2QQK3 as host","{""level"":""info""}","{""project"":""d4aae26b-9fab-4baa-93f4-1b393c6d7c8a"",""environment"":""6d4d10f8-ef6e-4a33-ba9c-6a725e4554a8"",""service"":""51cba4c8-134f-4e77-9ac9-02d403d57a06"",""deployment"":""21ac7a1d-e3b2-439c-8818-0eb1b69b56b4"",""replica"":""deff1601-8d89-4c9a-aef7-3a613d23deec""}",2026-01-11T01:41:21.704087886Z
"[Score] Submitted by ""Shawn"" for match DktA4-hq","{""level"":""info""}","{""project"":""d4aae26b-9fab-4baa-93f4-1b393c6d7c8a"",""environment"":""6d4d10f8-ef6e-4a33-ba9c-6a725e4554a8"",""service"":""51cba4c8-134f-4e77-9ac9-02d403d57a06"",""deployment"":""21ac7a1d-e3b2-439c-8818-0eb1b69b56b4"",""replica"":""deff1601-8d89-4c9a-aef7-3a613d23deec""}",2026-01-11T01:41:22.660130354Z
"[Score] Submitted by ""Shawn"" for match DOkW-5V1","{""level"":""info""}","{""project"":""d4aae26b-9fab-4baa-93f4-1b393c6d7c8a"",""environment"":""6d4d10f8-ef6e-4a33-ba9c-6a725e4554a8"",""service"":""51cba4c8-134f-4e77-9ac9-02d403d57a06"",""deployment"":""21ac7a1d-e3b2-439c-8818-0eb1b69b56b4"",""replica"":""deff1601-8d89-4c9a-aef7-3a613d23deec""}",2026-01-11T01:41:42.649752747Z
"[Score] Submitted by ""Shawn"" for match ouswh8di","{""level"":""info""}","{""project"":""d4aae26b-9fab-4baa-93f4-1b393c6d7c8a"",""environment"":""6d4d10f8-ef6e-4a33-ba9c-6a725e4554a8"",""service"":""51cba4c8-134f-4e77-9ac9-02d403d57a06"",""deployment"":""21ac7a1d-e3b2-439c-8818-0eb1b69b56b4"",""replica"":""deff1601-8d89-4c9a-aef7-3a613d23deec""}",2026-01-11T01:43:44.799921925Z
[Socket] Disconnected: QShU84I6IJZ-A7KaAACn,"{""level"":""info""}","{""project"":""d4aae26b-9fab-4baa-93f4-1b393c6d7c8a"",""environment"":""6d4d10f8-ef6e-4a33-ba9c-6a725e4554a8"",""service"":""51cba4c8-134f-4e77-9ac9-02d403d57a06"",""deployment"":""21ac7a1d-e3b2-439c-8818-0eb1b69b56b4"",""replica"":""deff1601-8d89-4c9a-aef7-3a613d23deec""}",2026-01-11T01:44:55.045094433Z
[Socket] Disconnected: eaLTEsNRP2gtdYGEAACl,"{""level"":""info""}","{""project"":""d4aae26b-9fab-4baa-93f4-1b393c6d7c8a"",""environment"":""6d4d10f8-ef6e-4a33-ba9c-6a725e4554a8"",""service"":""51cba4c8-134f-4e77-9ac9-02d403d57a06"",""deployment"":""21ac7a1d-e3b2-439c-8818-0eb1b69b56b4"",""replica"":""deff1601-8d89-4c9a-aef7-3a613d23deec""}",2026-01-11T01:44:55.045105351Z
"[Leave] """" left F2QQK3","{""level"":""info""}","{""project"":""d4aae26b-9fab-4baa-93f4-1b393c6d7c8a"",""environment"":""6d4d10f8-ef6e-4a33-ba9c-6a725e4554a8"",""service"":""51cba4c8-134f-4e77-9ac9-02d403d57a06"",""deployment"":""21ac7a1d-e3b2-439c-8818-0eb1b69b56b4"",""replica"":""deff1601-8d89-4c9a-aef7-3a613d23deec""}",2026-01-11T01:44:55.045113410Z
"[Score] Submitted by ""Shawn"" for match v3xs9no7","{""level"":""info""}","{""project"":""d4aae26b-9fab-4baa-93f4-1b393c6d7c8a"",""environment"":""6d4d10f8-ef6e-4a33-ba9c-6a725e4554a8"",""service"":""51cba4c8-134f-4e77-9ac9-02d403d57a06"",""deployment"":""21ac7a1d-e3b2-439c-8818-0eb1b69b56b4"",""replica"":""deff1601-8d89-4c9a-aef7-3a613d23deec""}",2026-01-11T01:47:16.521241094Z
[Socket] Connected: B_YZ642wr1VJaQ7dAACr,"{""level"":""info""}","{""project"":""d4aae26b-9fab-4baa-93f4-1b393c6d7c8a"",""environment"":""6d4d10f8-ef6e-4a33-ba9c-6a725e4554a8"",""service"":""51cba4c8-134f-4e77-9ac9-02d403d57a06"",""deployment"":""21ac7a1d-e3b2-439c-8818-0eb1b69b56b4"",""replica"":""deff1601-8d89-4c9a-aef7-3a613d23deec""}",2026-01-11T01:48:07.234699505Z
"[Rejoin] ""Shawn"" attempting to rejoin F2QQK3 as player","{""level"":""info""}","{""project"":""d4aae26b-9fab-4baa-93f4-1b393c6d7c8a"",""environment"":""6d4d10f8-ef6e-4a33-ba9c-6a725e4554a8"",""service"":""51cba4c8-134f-4e77-9ac9-02d403d57a06"",""deployment"":""21ac7a1d-e3b2-439c-8818-0eb1b69b56b4"",""replica"":""deff1601-8d89-4c9a-aef7-3a613d23deec""}",2026-01-11T01:48:07.234712561Z
"[Rejoin] ""Shawn"" rejoined F2QQK3 as player","{""level"":""info""}","{""project"":""d4aae26b-9fab-4baa-93f4-1b393c6d7c8a"",""environment"":""6d4d10f8-ef6e-4a33-ba9c-6a725e4554a8"",""service"":""51cba4c8-134f-4e77-9ac9-02d403d57a06"",""deployment"":""21ac7a1d-e3b2-439c-8818-0eb1b69b56b4"",""replica"":""deff1601-8d89-4c9a-aef7-3a613d23deec""}",2026-01-11T01:48:07.234720849Z
[Socket] Disconnected: B_YZ642wr1VJaQ7dAACr,"{""level"":""info""}","{""project"":""d4aae26b-9fab-4baa-93f4-1b393c6d7c8a"",""environment"":""6d4d10f8-ef6e-4a33-ba9c-6a725e4554a8"",""service"":""51cba4c8-134f-4e77-9ac9-02d403d57a06"",""deployment"":""21ac7a1d-e3b2-439c-8818-0eb1b69b56b4"",""replica"":""deff1601-8d89-4c9a-aef7-3a613d23deec""}",2026-01-11T01:48:57.346120811Z
"[Leave] ""Shawn"" left F2QQK3","{""level"":""info""}","{""project"":""d4aae26b-9fab-4baa-93f4-1b393c6d7c8a"",""environment"":""6d4d10f8-ef6e-4a33-ba9c-6a725e4554a8"",""service"":""51cba4c8-134f-4e77-9ac9-02d403d57a06"",""deployment"":""21ac7a1d-e3b2-439c-8818-0eb1b69b56b4"",""replica"":""deff1601-8d89-4c9a-aef7-3a613d23deec""}",2026-01-11T01:48:57.346135545Z
"[Score] Submitted by ""Shawn"" for match CKww75bm","{""level"":""info""}","{""project"":""d4aae26b-9fab-4baa-93f4-1b393c6d7c8a"",""environment"":""6d4d10f8-ef6e-4a33-ba9c-6a725e4554a8"",""service"":""51cba4c8-134f-4e77-9ac9-02d403d57a06"",""deployment"":""21ac7a1d-e3b2-439c-8818-0eb1b69b56b4"",""replica"":""deff1601-8d89-4c9a-aef7-3a613d23deec""}",2026-01-11T01:49:26.537996231Z
DEBUG: Using regular bye logic (mode= byes_only count= 0,"{""level"":""info""}","{""project"":""d4aae26b-9fab-4baa-93f4-1b393c6d7c8a"",""environment"":""6d4d10f8-ef6e-4a33-ba9c-6a725e4554a8"",""service"":""51cba4c8-134f-4e77-9ac9-02d403d57a06"",""deployment"":""21ac7a1d-e3b2-439c-8818-0eb1b69b56b4"",""replica"":""deff1601-8d89-4c9a-aef7-3a613d23deec""}",2026-01-11T01:49:26.538004273Z
[Tournament] Next round generated: F2QQK3,"{""level"":""info""}","{""project"":""d4aae26b-9fab-4baa-93f4-1b393c6d7c8a"",""environment"":""6d4d10f8-ef6e-4a33-ba9c-6a725e4554a8"",""service"":""51cba4c8-134f-4e77-9ac9-02d403d57a06"",""deployment"":""21ac7a1d-e3b2-439c-8818-0eb1b69b56b4"",""replica"":""deff1601-8d89-4c9a-aef7-3a613d23deec""}",2026-01-11T01:49:26.538013238Z
[Socket] Disconnected: xIlIbNb1yROloNSgAACp,"{""level"":""info""}","{""project"":""d4aae26b-9fab-4baa-93f4-1b393c6d7c8a"",""environment"":""6d4d10f8-ef6e-4a33-ba9c-6a725e4554a8"",""service"":""51cba4c8-134f-4e77-9ac9-02d403d57a06"",""deployment"":""21ac7a1d-e3b2-439c-8818-0eb1b69b56b4"",""replica"":""deff1601-8d89-4c9a-aef7-3a613d23deec""}",2026-01-11T01:56:50.629199238Z
"[Leave] ""Shawn"" left F2QQK3","{""level"":""info""}","{""project"":""d4aae26b-9fab-4baa-93f4-1b393c6d7c8a"",""environment"":""6d4d10f8-ef6e-4a33-ba9c-6a725e4554a8"",""service"":""51cba4c8-134f-4e77-9ac9-02d403d57a06"",""deployment"":""21ac7a1d-e3b2-439c-8818-0eb1b69b56b4"",""replica"":""deff1601-8d89-4c9a-aef7-3a613d23deec""}",2026-01-11T01:56:50.629209568Z
[Socket] Connected: s3th50Ym2egnVMEgAACt,"{""level"":""info""}","{""project"":""d4aae26b-9fab-4baa-93f4-1b393c6d7c8a"",""environment"":""6d4d10f8-ef6e-4a33-ba9c-6a725e4554a8"",""service"":""51cba4c8-134f-4e77-9ac9-02d403d57a06"",""deployment"":""21ac7a1d-e3b2-439c-8818-0eb1b69b56b4"",""replica"":""deff1601-8d89-4c9a-aef7-3a613d23deec""}",2026-01-11T01:56:50.629217794Z
"[Rejoin] ""Shawn"" attempting to rejoin F2QQK3 as host","{""level"":""info""}","{""project"":""d4aae26b-9fab-4baa-93f4-1b393c6d7c8a"",""environment"":""6d4d10f8-ef6e-4a33-ba9c-6a725e4554a8"",""service"":""51cba4c8-134f-4e77-9ac9-02d403d57a06"",""deployment"":""21ac7a1d-e3b2-439c-8818-0eb1b69b56b4"",""replica"":""deff1601-8d89-4c9a-aef7-3a613d23deec""}",2026-01-11T01:56:50.629226863Z
"[Rejoin] ""Shawn"" rejoined F2QQK3 as host","{""level"":""info""}","{""project"":""d4aae26b-9fab-4baa-93f4-1b393c6d7c8a"",""environment"":""6d4d10f8-ef6e-4a33-ba9c-6a725e4554a8"",""service"":""51cba4c8-134f-4e77-9ac9-02d403d57a06"",""deployment"":""21ac7a1d-e3b2-439c-8818-0eb1b69b56b4"",""replica"":""deff1601-8d89-4c9a-aef7-3a613d23deec""}",2026-01-11T01:56:50.629234399Z
[Socket] Disconnected: s3th50Ym2egnVMEgAACt,"{""level"":""info""}","{""project"":""d4aae26b-9fab-4baa-93f4-1b393c6d7c8a"",""environment"":""6d4d10f8-ef6e-4a33-ba9c-6a725e4554a8"",""service"":""51cba4c8-134f-4e77-9ac9-02d403d57a06"",""deployment"":""21ac7a1d-e3b2-439c-8818-0eb1b69b56b4"",""replica"":""deff1601-8d89-4c9a-aef7-3a613d23deec""}",2026-01-11T01:57:30.598519332Z
"[Leave] ""Shawn"" left F2QQK3","{""level"":""info""}","{""project"":""d4aae26b-9fab-4baa-93f4-1b393c6d7c8a"",""environment"":""6d4d10f8-ef6e-4a33-ba9c-6a725e4554a8"",""service"":""51cba4c8-134f-4e77-9ac9-02d403d57a06"",""deployment"":""21ac7a1d-e3b2-439c-8818-0eb1b69b56b4"",""replica"":""deff1601-8d89-4c9a-aef7-3a613d23deec""}",2026-01-11T01:57:30.598546440Z
[Socket] Connected: BYsv-EGL0Zh-_NjuAACv,"{""level"":""info""}","{""project"":""d4aae26b-9fab-4baa-93f4-1b393c6d7c8a"",""environment"":""6d4d10f8-ef6e-4a33-ba9c-6a725e4554a8"",""service"":""51cba4c8-134f-4e77-9ac9-02d403d57a06"",""deployment"":""21ac7a1d-e3b2-439c-8818-0eb1b69b56b4"",""replica"":""deff1601-8d89-4c9a-aef7-3a613d23deec""}",2026-01-11T02:10:23.481468575Z
"[Rejoin] ""Shawn"" attempting to rejoin F2QQK3 as host","{""level"":""info""}","{""project"":""d4aae26b-9fab-4baa-93f4-1b393c6d7c8a"",""environment"":""6d4d10f8-ef6e-4a33-ba9c-6a725e4554a8"",""service"":""51cba4c8-134f-4e77-9ac9-02d403d57a06"",""deployment"":""21ac7a1d-e3b2-439c-8818-0eb1b69b56b4"",""replica"":""deff1601-8d89-4c9a-aef7-3a613d23deec""}",2026-01-11T02:10:23.481477837Z
"[Rejoin] ""Shawn"" rejoined F2QQK3 as host","{""level"":""info""}","{""project"":""d4aae26b-9fab-4baa-93f4-1b393c6d7c8a"",""environment"":""6d4d10f8-ef6e-4a33-ba9c-6a725e4554a8"",""service"":""51cba4c8-134f-4e77-9ac9-02d403d57a06"",""deployment"":""21ac7a1d-e3b2-439c-8818-0eb1b69b56b4"",""replica"":""deff1601-8d89-4c9a-aef7-3a613d23deec""}",2026-01-11T02:10:23.481486313Z
"[Score] Submitted by ""Shawn"" for match 3__FIXDZ","{""level"":""info""}","{""project"":""d4aae26b-9fab-4baa-93f4-1b393c6d7c8a"",""environment"":""6d4d10f8-ef6e-4a33-ba9c-6a725e4554a8"",""service"":""51cba4c8-134f-4e77-9ac9-02d403d57a06"",""deployment"":""21ac7a1d-e3b2-439c-8818-0eb1b69b56b4"",""replica"":""deff1601-8d89-4c9a-aef7-3a613d23deec""}",2026-01-11T02:10:30.163564462Z
"[Score] Submitted by ""Shawn"" for match SQYlDjx-","{""level"":""info""}","{""project"":""d4aae26b-9fab-4baa-93f4-1b393c6d7c8a"",""environment"":""6d4d10f8-ef6e-4a33-ba9c-6a725e4554a8"",""service"":""51cba4c8-134f-4e77-9ac9-02d403d57a06"",""deployment"":""21ac7a1d-e3b2-439c-8818-0eb1b69b56b4"",""replica"":""deff1601-8d89-4c9a-aef7-3a613d23deec""}",2026-01-11T02:11:50.570974803Z
"[Score] Submitted by ""Shawn"" for match agD8INmd","{""level"":""info""}","{""project"":""d4aae26b-9fab-4baa-93f4-1b393c6d7c8a"",""environment"":""6d4d10f8-ef6e-4a33-ba9c-6a725e4554a8"",""service"":""51cba4c8-134f-4e77-9ac9-02d403d57a06"",""deployment"":""21ac7a1d-e3b2-439c-8818-0eb1b69b56b4"",""replica"":""deff1601-8d89-4c9a-aef7-3a613d23deec""}",2026-01-11T02:14:32.420054186Z
"[Score] Submitted by ""Shawn"" for match VmELBcnR","{""level"":""info""}","{""project"":""d4aae26b-9fab-4baa-93f4-1b393c6d7c8a"",""environment"":""6d4d10f8-ef6e-4a33-ba9c-6a725e4554a8"",""service"":""51cba4c8-134f-4e77-9ac9-02d403d57a06"",""deployment"":""21ac7a1d-e3b2-439c-8818-0eb1b69b56b4"",""replica"":""deff1601-8d89-4c9a-aef7-3a613d23deec""}",2026-01-11T02:16:23.436821239Z
"[Score] Submitted by ""Shawn"" for match u0zPX872","{""level"":""info""}","{""project"":""d4aae26b-9fab-4baa-93f4-1b393c6d7c8a"",""environment"":""6d4d10f8-ef6e-4a33-ba9c-6a725e4554a8"",""service"":""51cba4c8-134f-4e77-9ac9-02d403d57a06"",""deployment"":""21ac7a1d-e3b2-439c-8818-0eb1b69b56b4"",""replica"":""deff1601-8d89-4c9a-aef7-3a613d23deec""}",2026-01-11T02:18:14.798105883Z
DEBUG: Using regular bye logic (mode= byes_only count= 0,"{""level"":""info""}","{""project"":""d4aae26b-9fab-4baa-93f4-1b393c6d7c8a"",""environment"":""6d4d10f8-ef6e-4a33-ba9c-6a725e4554a8"",""service"":""51cba4c8-134f-4e77-9ac9-02d403d57a06"",""deployment"":""21ac7a1d-e3b2-439c-8818-0eb1b69b56b4"",""replica"":""deff1601-8d89-4c9a-aef7-3a613d23deec""}",2026-01-11T02:18:14.798113639Z
[Tournament] Next round generated: F2QQK3,"{""level"":""info""}","{""project"":""d4aae26b-9fab-4baa-93f4-1b393c6d7c8a"",""environment"":""6d4d10f8-ef6e-4a33-ba9c-6a725e4554a8"",""service"":""51cba4c8-134f-4e77-9ac9-02d403d57a06"",""deployment"":""21ac7a1d-e3b2-439c-8818-0eb1b69b56b4"",""replica"":""deff1601-8d89-4c9a-aef7-3a613d23deec""}",2026-01-11T02:18:14.798121157Z
[Socket] Disconnected: BYsv-EGL0Zh-_NjuAACv,"{""level"":""info""}","{""project"":""d4aae26b-9fab-4baa-93f4-1b393c6d7c8a"",""environment"":""6d4d10f8-ef6e-4a33-ba9c-6a725e4554a8"",""service"":""51cba4c8-134f-4e77-9ac9-02d403d57a06"",""deployment"":""21ac7a1d-e3b2-439c-8818-0eb1b69b56b4"",""replica"":""deff1601-8d89-4c9a-aef7-3a613d23deec""}",2026-01-11T02:23:39.219544149Z
"[Leave] ""Shawn"" left F2QQK3","{""level"":""info""}","{""project"":""d4aae26b-9fab-4baa-93f4-1b393c6d7c8a"",""environment"":""6d4d10f8-ef6e-4a33-ba9c-6a725e4554a8"",""service"":""51cba4c8-134f-4e77-9ac9-02d403d57a06"",""deployment"":""21ac7a1d-e3b2-439c-8818-0eb1b69b56b4"",""replica"":""deff1601-8d89-4c9a-aef7-3a613d23deec""}",2026-01-11T02:23:39.219558462Z
[Socket] Connected: K-lCSHJvTBH2jhMWAACx,"{""level"":""info""}","{""project"":""d4aae26b-9fab-4baa-93f4-1b393c6d7c8a"",""environment"":""6d4d10f8-ef6e-4a33-ba9c-6a725e4554a8"",""service"":""51cba4c8-134f-4e77-9ac9-02d403d57a06"",""deployment"":""21ac7a1d-e3b2-439c-8818-0eb1b69b56b4"",""replica"":""deff1601-8d89-4c9a-aef7-3a613d23deec""}",2026-01-11T02:23:39.219582058Z
"[Rejoin] ""Shawn"" attempting to rejoin F2QQK3 as host","{""level"":""info""}","{""project"":""d4aae26b-9fab-4baa-93f4-1b393c6d7c8a"",""environment"":""6d4d10f8-ef6e-4a33-ba9c-6a725e4554a8"",""service"":""51cba4c8-134f-4e77-9ac9-02d403d57a06"",""deployment"":""21ac7a1d-e3b2-439c-8818-0eb1b69b56b4"",""replica"":""deff1601-8d89-4c9a-aef7-3a613d23deec""}",2026-01-11T02:23:39.219592446Z
"[Rejoin] ""Shawn"" rejoined F2QQK3 as host","{""level"":""info""}","{""project"":""d4aae26b-9fab-4baa-93f4-1b393c6d7c8a"",""environment"":""6d4d10f8-ef6e-4a33-ba9c-6a725e4554a8"",""service"":""51cba4c8-134f-4e77-9ac9-02d403d57a06"",""deployment"":""21ac7a1d-e3b2-439c-8818-0eb1b69b56b4"",""replica"":""deff1601-8d89-4c9a-aef7-3a613d23deec""}",2026-01-11T02:23:39.219601017Z
[Socket] Disconnected: K-lCSHJvTBH2jhMWAACx,"{""level"":""info""}","{""project"":""d4aae26b-9fab-4baa-93f4-1b393c6d7c8a"",""environment"":""6d4d10f8-ef6e-4a33-ba9c-6a725e4554a8"",""service"":""51cba4c8-134f-4e77-9ac9-02d403d57a06"",""deployment"":""21ac7a1d-e3b2-439c-8818-0eb1b69b56b4"",""replica"":""deff1601-8d89-4c9a-aef7-3a613d23deec""}",2026-01-11T02:24:19.195723396Z
"[Leave] ""Shawn"" left F2QQK3","{""level"":""info""}","{""project"":""d4aae26b-9fab-4baa-93f4-1b393c6d7c8a"",""environment"":""6d4d10f8-ef6e-4a33-ba9c-6a725e4554a8"",""service"":""51cba4c8-134f-4e77-9ac9-02d403d57a06"",""deployment"":""21ac7a1d-e3b2-439c-8818-0eb1b69b56b4"",""replica"":""deff1601-8d89-4c9a-aef7-3a613d23deec""}",2026-01-11T02:24:19.195735117Z
[Socket] Connected: UpHJQgxev5anFxRKAACz,"{""level"":""info""}","{""project"":""d4aae26b-9fab-4baa-93f4-1b393c6d7c8a"",""environment"":""6d4d10f8-ef6e-4a33-ba9c-6a725e4554a8"",""service"":""51cba4c8-134f-4e77-9ac9-02d403d57a06"",""deployment"":""21ac7a1d-e3b2-439c-8818-0eb1b69b56b4"",""replica"":""deff1601-8d89-4c9a-aef7-3a613d23deec""}",2026-01-11T02:30:33.616134280Z
"[Rejoin] ""Shawn"" attempting to rejoin F2QQK3 as host","{""level"":""info""}","{""project"":""d4aae26b-9fab-4baa-93f4-1b393c6d7c8a"",""environment"":""6d4d10f8-ef6e-4a33-ba9c-6a725e4554a8"",""service"":""51cba4c8-134f-4e77-9ac9-02d403d57a06"",""deployment"":""21ac7a1d-e3b2-439c-8818-0eb1b69b56b4"",""replica"":""deff1601-8d89-4c9a-aef7-3a613d23deec""}",2026-01-11T02:30:33.616142408Z
"[Rejoin] ""Shawn"" rejoined F2QQK3 as host","{""level"":""info""}","{""project"":""d4aae26b-9fab-4baa-93f4-1b393c6d7c8a"",""environment"":""6d4d10f8-ef6e-4a33-ba9c-6a725e4554a8"",""service"":""51cba4c8-134f-4e77-9ac9-02d403d57a06"",""deployment"":""21ac7a1d-e3b2-439c-8818-0eb1b69b56b4"",""replica"":""deff1601-8d89-4c9a-aef7-3a613d23deec""}",2026-01-11T02:30:33.616150894Z
[Socket] Disconnected: UpHJQgxev5anFxRKAACz,"{""level"":""info""}","{""project"":""d4aae26b-9fab-4baa-93f4-1b393c6d7c8a"",""environment"":""6d4d10f8-ef6e-4a33-ba9c-6a725e4554a8"",""service"":""51cba4c8-134f-4e77-9ac9-02d403d57a06"",""deployment"":""21ac7a1d-e3b2-439c-8818-0eb1b69b56b4"",""replica"":""deff1601-8d89-4c9a-aef7-3a613d23deec""}",2026-01-11T02:31:13.877373994Z
"[Leave] ""Shawn"" left F2QQK3","{""level"":""info""}","{""project"":""d4aae26b-9fab-4baa-93f4-1b393c6d7c8a"",""environment"":""6d4d10f8-ef6e-4a33-ba9c-6a725e4554a8"",""service"":""51cba4c8-134f-4e77-9ac9-02d403d57a06"",""deployment"":""21ac7a1d-e3b2-439c-8818-0eb1b69b56b4"",""replica"":""deff1601-8d89-4c9a-aef7-3a613d23deec""}",2026-01-11T02:31:13.877383762Z
[Socket] Connected: 1QmS-He24SCsj81YAAC1,"{""level"":""info""}","{""project"":""d4aae26b-9fab-4baa-93f4-1b393c6d7c8a"",""environment"":""6d4d10f8-ef6e-4a33-ba9c-6a725e4554a8"",""service"":""51cba4c8-134f-4e77-9ac9-02d403d57a06"",""deployment"":""21ac7a1d-e3b2-439c-8818-0eb1b69b56b4"",""replica"":""deff1601-8d89-4c9a-aef7-3a613d23deec""}",2026-01-11T02:32:24.013017935Z
"[Rejoin] ""Shawn"" attempting to rejoin F2QQK3 as host","{""level"":""info""}","{""project"":""d4aae26b-9fab-4baa-93f4-1b393c6d7c8a"",""environment"":""6d4d10f8-ef6e-4a33-ba9c-6a725e4554a8"",""service"":""51cba4c8-134f-4e77-9ac9-02d403d57a06"",""deployment"":""21ac7a1d-e3b2-439c-8818-0eb1b69b56b4"",""replica"":""deff1601-8d89-4c9a-aef7-3a613d23deec""}",2026-01-11T02:32:24.013058108Z
"[Rejoin] ""Shawn"" rejoined F2QQK3 as host","{""level"":""info""}","{""project"":""d4aae26b-9fab-4baa-93f4-1b393c6d7c8a"",""environment"":""6d4d10f8-ef6e-4a33-ba9c-6a725e4554a8"",""service"":""51cba4c8-134f-4e77-9ac9-02d403d57a06"",""deployment"":""21ac7a1d-e3b2-439c-8818-0eb1b69b56b4"",""replica"":""deff1601-8d89-4c9a-aef7-3a613d23deec""}",2026-01-11T02:32:24.013068486Z
[Socket] Disconnected: 1QmS-He24SCsj81YAAC1,"{""level"":""info""}","{""project"":""d4aae26b-9fab-4baa-93f4-1b393c6d7c8a"",""environment"":""6d4d10f8-ef6e-4a33-ba9c-6a725e4554a8"",""service"":""51cba4c8-134f-4e77-9ac9-02d403d57a06"",""deployment"":""21ac7a1d-e3b2-439c-8818-0eb1b69b56b4"",""replica"":""deff1601-8d89-4c9a-aef7-3a613d23deec""}",2026-01-11T02:33:04.329552342Z
"[Leave] ""Shawn"" left F2QQK3","{""level"":""info""}","{""project"":""d4aae26b-9fab-4baa-93f4-1b393c6d7c8a"",""environment"":""6d4d10f8-ef6e-4a33-ba9c-6a725e4554a8"",""service"":""51cba4c8-134f-4e77-9ac9-02d403d57a06"",""deployment"":""21ac7a1d-e3b2-439c-8818-0eb1b69b56b4"",""replica"":""deff1601-8d89-4c9a-aef7-3a613d23deec""}",2026-01-11T02:33:04.329564461Z
[Socket] Connected: wdUnavb2enZQGqArAAC3,"{""level"":""info""}","{""project"":""d4aae26b-9fab-4baa-93f4-1b393c6d7c8a"",""environment"":""6d4d10f8-ef6e-4a33-ba9c-6a725e4554a8"",""service"":""51cba4c8-134f-4e77-9ac9-02d403d57a06"",""deployment"":""21ac7a1d-e3b2-439c-8818-0eb1b69b56b4"",""replica"":""deff1601-8d89-4c9a-aef7-3a613d23deec""}",2026-01-11T02:35:15.158803796Z
"[Rejoin] ""Shawn"" attempting to rejoin F2QQK3 as host","{""level"":""info""}","{""project"":""d4aae26b-9fab-4baa-93f4-1b393c6d7c8a"",""environment"":""6d4d10f8-ef6e-4a33-ba9c-6a725e4554a8"",""service"":""51cba4c8-134f-4e77-9ac9-02d403d57a06"",""deployment"":""21ac7a1d-e3b2-439c-8818-0eb1b69b56b4"",""replica"":""deff1601-8d89-4c9a-aef7-3a613d23deec""}",2026-01-11T02:35:15.158824186Z
"[Rejoin] ""Shawn"" rejoined F2QQK3 as host","{""level"":""info""}","{""project"":""d4aae26b-9fab-4baa-93f4-1b393c6d7c8a"",""environment"":""6d4d10f8-ef6e-4a33-ba9c-6a725e4554a8"",""service"":""51cba4c8-134f-4e77-9ac9-02d403d57a06"",""deployment"":""21ac7a1d-e3b2-439c-8818-0eb1b69b56b4"",""replica"":""deff1601-8d89-4c9a-aef7-3a613d23deec""}",2026-01-11T02:35:15.158834080Z
[Socket] Disconnected: wdUnavb2enZQGqArAAC3,"{""level"":""info""}","{""project"":""d4aae26b-9fab-4baa-93f4-1b393c6d7c8a"",""environment"":""6d4d10f8-ef6e-4a33-ba9c-6a725e4554a8"",""service"":""51cba4c8-134f-4e77-9ac9-02d403d57a06"",""deployment"":""21ac7a1d-e3b2-439c-8818-0eb1b69b56b4"",""replica"":""deff1601-8d89-4c9a-aef7-3a613d23deec""}",2026-01-11T02:35:55.570305315Z
"[Leave] ""Shawn"" left F2QQK3","{""level"":""info""}","{""project"":""d4aae26b-9fab-4baa-93f4-1b393c6d7c8a"",""environment"":""6d4d10f8-ef6e-4a33-ba9c-6a725e4554a8"",""service"":""51cba4c8-134f-4e77-9ac9-02d403d57a06"",""deployment"":""21ac7a1d-e3b2-439c-8818-0eb1b69b56b4"",""replica"":""deff1601-8d89-4c9a-aef7-3a613d23deec""}",2026-01-11T02:35:55.570315718Z
[Socket] Connected: aRH4xWUiYltxBfWKAAC6,"{""level"":""info""}","{""project"":""d4aae26b-9fab-4baa-93f4-1b393c6d7c8a"",""environment"":""6d4d10f8-ef6e-4a33-ba9c-6a725e4554a8"",""service"":""51cba4c8-134f-4e77-9ac9-02d403d57a06"",""deployment"":""21ac7a1d-e3b2-439c-8818-0eb1b69b56b4"",""replica"":""deff1601-8d89-4c9a-aef7-3a613d23deec""}",2026-01-11T02:39:06.563278565Z
"[Rejoin] ""Shawn"" attempting to rejoin F2QQK3 as host","{""level"":""info""}","{""project"":""d4aae26b-9fab-4baa-93f4-1b393c6d7c8a"",""environment"":""6d4d10f8-ef6e-4a33-ba9c-6a725e4554a8"",""service"":""51cba4c8-134f-4e77-9ac9-02d403d57a06"",""deployment"":""21ac7a1d-e3b2-439c-8818-0eb1b69b56b4"",""replica"":""deff1601-8d89-4c9a-aef7-3a613d23deec""}",2026-01-11T02:39:06.563302897Z
"[Rejoin] ""Shawn"" rejoined F2QQK3 as host","{""level"":""info""}","{""project"":""d4aae26b-9fab-4baa-93f4-1b393c6d7c8a"",""environment"":""6d4d10f8-ef6e-4a33-ba9c-6a725e4554a8"",""service"":""51cba4c8-134f-4e77-9ac9-02d403d57a06"",""deployment"":""21ac7a1d-e3b2-439c-8818-0eb1b69b56b4"",""replica"":""deff1601-8d89-4c9a-aef7-3a613d23deec""}",2026-01-11T02:39:06.563312545Z
"[Score] Submitted by ""Shawn"" for match bDjizdFq","{""level"":""info""}","{""project"":""d4aae26b-9fab-4baa-93f4-1b393c6d7c8a"",""environment"":""6d4d10f8-ef6e-4a33-ba9c-6a725e4554a8"",""service"":""51cba4c8-134f-4e77-9ac9-02d403d57a06"",""deployment"":""21ac7a1d-e3b2-439c-8818-0eb1b69b56b4"",""replica"":""deff1601-8d89-4c9a-aef7-3a613d23deec""}",2026-01-11T02:42:29.515197094Z
"[Score] Submitted by ""Shawn"" for match F189SdKn","{""level"":""info""}","{""project"":""d4aae26b-9fab-4baa-93f4-1b393c6d7c8a"",""environment"":""6d4d10f8-ef6e-4a33-ba9c-6a725e4554a8"",""service"":""51cba4c8-134f-4e77-9ac9-02d403d57a06"",""deployment"":""21ac7a1d-e3b2-439c-8818-0eb1b69b56b4"",""replica"":""deff1601-8d89-4c9a-aef7-3a613d23deec""}",2026-01-11T02:43:39.737860538Z
"[Score] Submitted by ""Shawn"" for match P2sE7edS","{""level"":""info""}","{""project"":""d4aae26b-9fab-4baa-93f4-1b393c6d7c8a"",""environment"":""6d4d10f8-ef6e-4a33-ba9c-6a725e4554a8"",""service"":""51cba4c8-134f-4e77-9ac9-02d403d57a06"",""deployment"":""21ac7a1d-e3b2-439c-8818-0eb1b69b56b4"",""replica"":""deff1601-8d89-4c9a-aef7-3a613d23deec""}",2026-01-11T02:44:00.024152167Z
"[Score] Submitted by ""Shawn"" for match Z9xW_r1j","{""level"":""info""}","{""project"":""d4aae26b-9fab-4baa-93f4-1b393c6d7c8a"",""environment"":""6d4d10f8-ef6e-4a33-ba9c-6a725e4554a8"",""service"":""51cba4c8-134f-4e77-9ac9-02d403d57a06"",""deployment"":""21ac7a1d-e3b2-439c-8818-0eb1b69b56b4"",""replica"":""deff1601-8d89-4c9a-aef7-3a613d23deec""}",2026-01-11T02:44:19.913357506Z
"[Score] Submitted by ""Shawn"" for match cf6TJLnd","{""level"":""info""}","{""project"":""d4aae26b-9fab-4baa-93f4-1b393c6d7c8a"",""environment"":""6d4d10f8-ef6e-4a33-ba9c-6a725e4554a8"",""service"":""51cba4c8-134f-4e77-9ac9-02d403d57a06"",""deployment"":""21ac7a1d-e3b2-439c-8818-0eb1b69b56b4"",""replica"":""deff1601-8d89-4c9a-aef7-3a613d23deec""}",2026-01-11T02:44:25.930377754Z
DEBUG: Using regular bye logic (mode= byes_only count= 0,"{""level"":""info""}","{""project"":""d4aae26b-9fab-4baa-93f4-1b393c6d7c8a"",""environment"":""6d4d10f8-ef6e-4a33-ba9c-6a725e4554a8"",""service"":""51cba4c8-134f-4e77-9ac9-02d403d57a06"",""deployment"":""21ac7a1d-e3b2-439c-8818-0eb1b69b56b4"",""replica"":""deff1601-8d89-4c9a-aef7-3a613d23deec""}",2026-01-11T02:44:46.002671826Z
[Tournament] Next round generated: F2QQK3,"{""level"":""info""}","{""project"":""d4aae26b-9fab-4baa-93f4-1b393c6d7c8a"",""environment"":""6d4d10f8-ef6e-4a33-ba9c-6a725e4554a8"",""service"":""51cba4c8-134f-4e77-9ac9-02d403d57a06"",""deployment"":""21ac7a1d-e3b2-439c-8818-0eb1b69b56b4"",""replica"":""deff1601-8d89-4c9a-aef7-3a613d23deec""}",2026-01-11T02:44:46.002680740Z
[Socket] Disconnected: aRH4xWUiYltxBfWKAAC6,"{""level"":""info""}","{""project"":""d4aae26b-9fab-4baa-93f4-1b393c6d7c8a"",""environment"":""6d4d10f8-ef6e-4a33-ba9c-6a725e4554a8"",""service"":""51cba4c8-134f-4e77-9ac9-02d403d57a06"",""deployment"":""21ac7a1d-e3b2-439c-8818-0eb1b69b56b4"",""replica"":""deff1601-8d89-4c9a-aef7-3a613d23deec""}",2026-01-11T02:53:22.958843093Z
"[Leave] ""Shawn"" left F2QQK3","{""level"":""info""}","{""project"":""d4aae26b-9fab-4baa-93f4-1b393c6d7c8a"",""environment"":""6d4d10f8-ef6e-4a33-ba9c-6a725e4554a8"",""service"":""51cba4c8-134f-4e77-9ac9-02d403d57a06"",""deployment"":""21ac7a1d-e3b2-439c-8818-0eb1b69b56b4"",""replica"":""deff1601-8d89-4c9a-aef7-3a613d23deec""}",2026-01-11T02:53:22.958850680Z
[Socket] Connected: kXIAH-QXjSPPfWUiAAC8,"{""level"":""info""}","{""project"":""d4aae26b-9fab-4baa-93f4-1b393c6d7c8a"",""environment"":""6d4d10f8-ef6e-4a33-ba9c-6a725e4554a8"",""service"":""51cba4c8-134f-4e77-9ac9-02d403d57a06"",""deployment"":""21ac7a1d-e3b2-439c-8818-0eb1b69b56b4"",""replica"":""deff1601-8d89-4c9a-aef7-3a613d23deec""}",2026-01-11T02:53:24.106217855Z
"[Rejoin] ""Shawn"" attempting to rejoin F2QQK3 as host","{""level"":""info""}","{""project"":""d4aae26b-9fab-4baa-93f4-1b393c6d7c8a"",""environment"":""6d4d10f8-ef6e-4a33-ba9c-6a725e4554a8"",""service"":""51cba4c8-134f-4e77-9ac9-02d403d57a06"",""deployment"":""21ac7a1d-e3b2-439c-8818-0eb1b69b56b4"",""replica"":""deff1601-8d89-4c9a-aef7-3a613d23deec""}",2026-01-11T02:53:24.181171825Z
"[Rejoin] ""Shawn"" rejoined F2QQK3 as host","{""level"":""info""}","{""project"":""d4aae26b-9fab-4baa-93f4-1b393c6d7c8a"",""environment"":""6d4d10f8-ef6e-4a33-ba9c-6a725e4554a8"",""service"":""51cba4c8-134f-4e77-9ac9-02d403d57a06"",""deployment"":""21ac7a1d-e3b2-439c-8818-0eb1b69b56b4"",""replica"":""deff1601-8d89-4c9a-aef7-3a613d23deec""}",2026-01-11T02:53:24.181183395Z
[Socket] Disconnected: kXIAH-QXjSPPfWUiAAC8,"{""level"":""info""}","{""project"":""d4aae26b-9fab-4baa-93f4-1b393c6d7c8a"",""environment"":""6d4d10f8-ef6e-4a33-ba9c-6a725e4554a8"",""service"":""51cba4c8-134f-4e77-9ac9-02d403d57a06"",""deployment"":""21ac7a1d-e3b2-439c-8818-0eb1b69b56b4"",""replica"":""deff1601-8d89-4c9a-aef7-3a613d23deec""}",2026-01-11T02:54:14.596515448Z
"[Leave] ""Shawn"" left F2QQK3","{""level"":""info""}","{""project"":""d4aae26b-9fab-4baa-93f4-1b393c6d7c8a"",""environment"":""6d4d10f8-ef6e-4a33-ba9c-6a725e4554a8"",""service"":""51cba4c8-134f-4e77-9ac9-02d403d57a06"",""deployment"":""21ac7a1d-e3b2-439c-8818-0eb1b69b56b4"",""replica"":""deff1601-8d89-4c9a-aef7-3a613d23deec""}",2026-01-11T02:54:14.596524183Z
[Socket] Connected: wbVVii7Bh3xH7PSEAAC-,"{""level"":""info""}","{""project"":""d4aae26b-9fab-4baa-93f4-1b393c6d7c8a"",""environment"":""6d4d10f8-ef6e-4a33-ba9c-6a725e4554a8"",""service"":""51cba4c8-134f-4e77-9ac9-02d403d57a06"",""deployment"":""21ac7a1d-e3b2-439c-8818-0eb1b69b56b4"",""replica"":""deff1601-8d89-4c9a-aef7-3a613d23deec""}",2026-01-11T03:05:33.177674881Z
"[Rejoin] ""Shawn"" attempting to rejoin F2QQK3 as host","{""level"":""info""}","{""project"":""d4aae26b-9fab-4baa-93f4-1b393c6d7c8a"",""environment"":""6d4d10f8-ef6e-4a33-ba9c-6a725e4554a8"",""service"":""51cba4c8-134f-4e77-9ac9-02d403d57a06"",""deployment"":""21ac7a1d-e3b2-439c-8818-0eb1b69b56b4"",""replica"":""deff1601-8d89-4c9a-aef7-3a613d23deec""}",2026-01-11T03:05:33.177682429Z
"[Rejoin] ""Shawn"" rejoined F2QQK3 as host","{""level"":""info""}","{""project"":""d4aae26b-9fab-4baa-93f4-1b393c6d7c8a"",""environment"":""6d4d10f8-ef6e-4a33-ba9c-6a725e4554a8"",""service"":""51cba4c8-134f-4e77-9ac9-02d403d57a06"",""deployment"":""21ac7a1d-e3b2-439c-8818-0eb1b69b56b4"",""replica"":""deff1601-8d89-4c9a-aef7-3a613d23deec""}",2026-01-11T03:05:33.177689776Z
[Socket] Disconnected: wbVVii7Bh3xH7PSEAAC-,"{""level"":""info""}","{""project"":""d4aae26b-9fab-4baa-93f4-1b393c6d7c8a"",""environment"":""6d4d10f8-ef6e-4a33-ba9c-6a725e4554a8"",""service"":""51cba4c8-134f-4e77-9ac9-02d403d57a06"",""deployment"":""21ac7a1d-e3b2-439c-8818-0eb1b69b56b4"",""replica"":""deff1601-8d89-4c9a-aef7-3a613d23deec""}",2026-01-11T03:08:04.133430938Z
"[Leave] ""Shawn"" left F2QQK3","{""level"":""info""}","{""project"":""d4aae26b-9fab-4baa-93f4-1b393c6d7c8a"",""environment"":""6d4d10f8-ef6e-4a33-ba9c-6a725e4554a8"",""service"":""51cba4c8-134f-4e77-9ac9-02d403d57a06"",""deployment"":""21ac7a1d-e3b2-439c-8818-0eb1b69b56b4"",""replica"":""deff1601-8d89-4c9a-aef7-3a613d23deec""}",2026-01-11T03:08:04.133447718Z
[Socket] Connected: 3qzGnHqpc4qqUHHsAADA,"{""level"":""info""}","{""project"":""d4aae26b-9fab-4baa-93f4-1b393c6d7c8a"",""environment"":""6d4d10f8-ef6e-4a33-ba9c-6a725e4554a8"",""service"":""51cba4c8-134f-4e77-9ac9-02d403d57a06"",""deployment"":""21ac7a1d-e3b2-439c-8818-0eb1b69b56b4"",""replica"":""deff1601-8d89-4c9a-aef7-3a613d23deec""}",2026-01-11T03:08:45.130677698Z
"[Rejoin] ""Shawn"" attempting to rejoin F2QQK3 as host","{""level"":""info""}","{""project"":""d4aae26b-9fab-4baa-93f4-1b393c6d7c8a"",""environment"":""6d4d10f8-ef6e-4a33-ba9c-6a725e4554a8"",""service"":""51cba4c8-134f-4e77-9ac9-02d403d57a06"",""deployment"":""21ac7a1d-e3b2-439c-8818-0eb1b69b56b4"",""replica"":""deff1601-8d89-4c9a-aef7-3a613d23deec""}",2026-01-11T03:08:45.130686266Z
"[Rejoin] ""Shawn"" rejoined F2QQK3 as host","{""level"":""info""}","{""project"":""d4aae26b-9fab-4baa-93f4-1b393c6d7c8a"",""environment"":""6d4d10f8-ef6e-4a33-ba9c-6a725e4554a8"",""service"":""51cba4c8-134f-4e77-9ac9-02d403d57a06"",""deployment"":""21ac7a1d-e3b2-439c-8818-0eb1b69b56b4"",""replica"":""deff1601-8d89-4c9a-aef7-3a613d23deec""}",2026-01-11T03:08:45.130694861Z
[Socket] Connected: DmyTrr0K84XEW_QHAADC,"{""level"":""info""}","{""project"":""d4aae26b-9fab-4baa-93f4-1b393c6d7c8a"",""environment"":""6d4d10f8-ef6e-4a33-ba9c-6a725e4554a8"",""service"":""51cba4c8-134f-4e77-9ac9-02d403d57a06"",""deployment"":""21ac7a1d-e3b2-439c-8818-0eb1b69b56b4"",""replica"":""deff1601-8d89-4c9a-aef7-3a613d23deec""}",2026-01-11T03:09:05.079810515Z
[Socket] Connected: iWdmqkN5PmhMQDHnAADE,"{""level"":""info""}","{""project"":""d4aae26b-9fab-4baa-93f4-1b393c6d7c8a"",""environment"":""6d4d10f8-ef6e-4a33-ba9c-6a725e4554a8"",""service"":""51cba4c8-134f-4e77-9ac9-02d403d57a06"",""deployment"":""21ac7a1d-e3b2-439c-8818-0eb1b69b56b4"",""replica"":""deff1601-8d89-4c9a-aef7-3a613d23deec""}",2026-01-11T03:09:05.079818536Z
[Socket] Disconnected: DmyTrr0K84XEW_QHAADC,"{""level"":""info""}","{""project"":""d4aae26b-9fab-4baa-93f4-1b393c6d7c8a"",""environment"":""6d4d10f8-ef6e-4a33-ba9c-6a725e4554a8"",""service"":""51cba4c8-134f-4e77-9ac9-02d403d57a06"",""deployment"":""21ac7a1d-e3b2-439c-8818-0eb1b69b56b4"",""replica"":""deff1601-8d89-4c9a-aef7-3a613d23deec""}",2026-01-11T03:09:25.306025237Z
[Socket] Disconnected: iWdmqkN5PmhMQDHnAADE,"{""level"":""info""}","{""project"":""d4aae26b-9fab-4baa-93f4-1b393c6d7c8a"",""environment"":""6d4d10f8-ef6e-4a33-ba9c-6a725e4554a8"",""service"":""51cba4c8-134f-4e77-9ac9-02d403d57a06"",""deployment"":""21ac7a1d-e3b2-439c-8818-0eb1b69b56b4"",""replica"":""deff1601-8d89-4c9a-aef7-3a613d23deec""}",2026-01-11T03:09:25.306128818Z
[Socket] Connected: 86TJbUkGIQ1BULDmAADG,"{""level"":""info""}","{""project"":""d4aae26b-9fab-4baa-93f4-1b393c6d7c8a"",""environment"":""6d4d10f8-ef6e-4a33-ba9c-6a725e4554a8"",""service"":""51cba4c8-134f-4e77-9ac9-02d403d57a06"",""deployment"":""21ac7a1d-e3b2-439c-8818-0eb1b69b56b4"",""replica"":""deff1601-8d89-4c9a-aef7-3a613d23deec""}",2026-01-11T03:09:25.306143736Z
"[Join] """" attempting to join F2QQK3","{""level"":""info""}","{""project"":""d4aae26b-9fab-4baa-93f4-1b393c6d7c8a"",""environment"":""6d4d10f8-ef6e-4a33-ba9c-6a725e4554a8"",""service"":""51cba4c8-134f-4e77-9ac9-02d403d57a06"",""deployment"":""21ac7a1d-e3b2-439c-8818-0eb1b69b56b4"",""replica"":""deff1601-8d89-4c9a-aef7-3a613d23deec""}",2026-01-11T03:09:25.306151956Z
"[Join] """" joined F2QQK3 as spectator","{""level"":""info""}","{""project"":""d4aae26b-9fab-4baa-93f4-1b393c6d7c8a"",""environment"":""6d4d10f8-ef6e-4a33-ba9c-6a725e4554a8"",""service"":""51cba4c8-134f-4e77-9ac9-02d403d57a06"",""deployment"":""21ac7a1d-e3b2-439c-8818-0eb1b69b56b4"",""replica"":""deff1601-8d89-4c9a-aef7-3a613d23deec""}",2026-01-11T03:09:25.306161087Z
[Socket] Connected: MBwJpOr6LBV6GtrVAADI,"{""level"":""info""}","{""project"":""d4aae26b-9fab-4baa-93f4-1b393c6d7c8a"",""environment"":""6d4d10f8-ef6e-4a33-ba9c-6a725e4554a8"",""service"":""51cba4c8-134f-4e77-9ac9-02d403d57a06"",""deployment"":""21ac7a1d-e3b2-439c-8818-0eb1b69b56b4"",""replica"":""deff1601-8d89-4c9a-aef7-3a613d23deec""}",2026-01-11T03:09:25.306169184Z
"[Score] Submitted by ""Shawn"" for match s869WJXy","{""level"":""info""}","{""project"":""d4aae26b-9fab-4baa-93f4-1b393c6d7c8a"",""environment"":""6d4d10f8-ef6e-4a33-ba9c-6a725e4554a8"",""service"":""51cba4c8-134f-4e77-9ac9-02d403d57a06"",""deployment"":""21ac7a1d-e3b2-439c-8818-0eb1b69b56b4"",""replica"":""deff1601-8d89-4c9a-aef7-3a613d23deec""}",2026-01-11T03:09:27.503435167Z
"[Score] Submitted by ""Shawn"" for match ztuyYHyi","{""level"":""info""}","{""project"":""d4aae26b-9fab-4baa-93f4-1b393c6d7c8a"",""environment"":""6d4d10f8-ef6e-4a33-ba9c-6a725e4554a8"",""service"":""51cba4c8-134f-4e77-9ac9-02d403d57a06"",""deployment"":""21ac7a1d-e3b2-439c-8818-0eb1b69b56b4"",""replica"":""deff1601-8d89-4c9a-aef7-3a613d23deec""}",2026-01-11T03:09:47.380197322Z
"[Score] Submitted by ""Shawn"" for match pFYAp1l7","{""level"":""info""}","{""project"":""d4aae26b-9fab-4baa-93f4-1b393c6d7c8a"",""environment"":""6d4d10f8-ef6e-4a33-ba9c-6a725e4554a8"",""service"":""51cba4c8-134f-4e77-9ac9-02d403d57a06"",""deployment"":""21ac7a1d-e3b2-439c-8818-0eb1b69b56b4"",""replica"":""deff1601-8d89-4c9a-aef7-3a613d23deec""}",2026-01-11T03:10:17.563031033Z
[Socket] Disconnected: MBwJpOr6LBV6GtrVAADI,"{""level"":""info""}","{""project"":""d4aae26b-9fab-4baa-93f4-1b393c6d7c8a"",""environment"":""6d4d10f8-ef6e-4a33-ba9c-6a725e4554a8"",""service"":""51cba4c8-134f-4e77-9ac9-02d403d57a06"",""deployment"":""21ac7a1d-e3b2-439c-8818-0eb1b69b56b4"",""replica"":""deff1601-8d89-4c9a-aef7-3a613d23deec""}",2026-01-11T03:10:17.563039523Z
[Socket] Disconnected: 86TJbUkGIQ1BULDmAADG,"{""level"":""info""}","{""project"":""d4aae26b-9fab-4baa-93f4-1b393c6d7c8a"",""environment"":""6d4d10f8-ef6e-4a33-ba9c-6a725e4554a8"",""service"":""51cba4c8-134f-4e77-9ac9-02d403d57a06"",""deployment"":""21ac7a1d-e3b2-439c-8818-0eb1b69b56b4"",""replica"":""deff1601-8d89-4c9a-aef7-3a613d23deec""}",2026-01-11T03:10:17.563048044Z
"[Leave] """" left F2QQK3","{""level"":""info""}","{""project"":""d4aae26b-9fab-4baa-93f4-1b393c6d7c8a"",""environment"":""6d4d10f8-ef6e-4a33-ba9c-6a725e4554a8"",""service"":""51cba4c8-134f-4e77-9ac9-02d403d57a06"",""deployment"":""21ac7a1d-e3b2-439c-8818-0eb1b69b56b4"",""replica"":""deff1601-8d89-4c9a-aef7-3a613d23deec""}",2026-01-11T03:10:17.563055938Z
[Socket] Connected: V8OTWmVYX9GmnzEKAADK,"{""level"":""info""}","{""project"":""d4aae26b-9fab-4baa-93f4-1b393c6d7c8a"",""environment"":""6d4d10f8-ef6e-4a33-ba9c-6a725e4554a8"",""service"":""51cba4c8-134f-4e77-9ac9-02d403d57a06"",""deployment"":""21ac7a1d-e3b2-439c-8818-0eb1b69b56b4"",""replica"":""deff1601-8d89-4c9a-aef7-3a613d23deec""}",2026-01-11T03:10:20.795638338Z
"[Join] """" attempting to join F2QQK3","{""level"":""info""}","{""project"":""d4aae26b-9fab-4baa-93f4-1b393c6d7c8a"",""environment"":""6d4d10f8-ef6e-4a33-ba9c-6a725e4554a8"",""service"":""51cba4c8-134f-4e77-9ac9-02d403d57a06"",""deployment"":""21ac7a1d-e3b2-439c-8818-0eb1b69b56b4"",""replica"":""deff1601-8d89-4c9a-aef7-3a613d23deec""}",2026-01-11T03:10:20.899222673Z
"[Join] """" joined F2QQK3 as spectator","{""level"":""info""}","{""project"":""d4aae26b-9fab-4baa-93f4-1b393c6d7c8a"",""environment"":""6d4d10f8-ef6e-4a33-ba9c-6a725e4554a8"",""service"":""51cba4c8-134f-4e77-9ac9-02d403d57a06"",""deployment"":""21ac7a1d-e3b2-439c-8818-0eb1b69b56b4"",""replica"":""deff1601-8d89-4c9a-aef7-3a613d23deec""}",2026-01-11T03:10:20.899244297Z
[Socket] Connected: gVhm3naeoN3KFmCHAADM,"{""level"":""info""}","{""project"":""d4aae26b-9fab-4baa-93f4-1b393c6d7c8a"",""environment"":""6d4d10f8-ef6e-4a33-ba9c-6a725e4554a8"",""service"":""51cba4c8-134f-4e77-9ac9-02d403d57a06"",""deployment"":""21ac7a1d-e3b2-439c-8818-0eb1b69b56b4"",""replica"":""deff1601-8d89-4c9a-aef7-3a613d23deec""}",2026-01-11T03:10:21.081977122Z
"[Score] Submitted by ""Shawn"" for match TIB-Vwub","{""level"":""info""}","{""project"":""d4aae26b-9fab-4baa-93f4-1b393c6d7c8a"",""environment"":""6d4d10f8-ef6e-4a33-ba9c-6a725e4554a8"",""service"":""51cba4c8-134f-4e77-9ac9-02d403d57a06"",""deployment"":""21ac7a1d-e3b2-439c-8818-0eb1b69b56b4"",""replica"":""deff1601-8d89-4c9a-aef7-3a613d23deec""}",2026-01-11T03:10:29.161259710Z
[Socket] Disconnected: gVhm3naeoN3KFmCHAADM,"{""level"":""info""}","{""project"":""d4aae26b-9fab-4baa-93f4-1b393c6d7c8a"",""environment"":""6d4d10f8-ef6e-4a33-ba9c-6a725e4554a8"",""service"":""51cba4c8-134f-4e77-9ac9-02d403d57a06"",""deployment"":""21ac7a1d-e3b2-439c-8818-0eb1b69b56b4"",""replica"":""deff1601-8d89-4c9a-aef7-3a613d23deec""}",2026-01-11T03:10:48.840605679Z
[Socket] Disconnected: V8OTWmVYX9GmnzEKAADK,"{""level"":""info""}","{""project"":""d4aae26b-9fab-4baa-93f4-1b393c6d7c8a"",""environment"":""6d4d10f8-ef6e-4a33-ba9c-6a725e4554a8"",""service"":""51cba4c8-134f-4e77-9ac9-02d403d57a06"",""deployment"":""21ac7a1d-e3b2-439c-8818-0eb1b69b56b4"",""replica"":""deff1601-8d89-4c9a-aef7-3a613d23deec""}",2026-01-11T03:10:48.840617897Z
"[Leave] """" left F2QQK3","{""level"":""info""}","{""project"":""d4aae26b-9fab-4baa-93f4-1b393c6d7c8a"",""environment"":""6d4d10f8-ef6e-4a33-ba9c-6a725e4554a8"",""service"":""51cba4c8-134f-4e77-9ac9-02d403d57a06"",""deployment"":""21ac7a1d-e3b2-439c-8818-0eb1b69b56b4"",""replica"":""deff1601-8d89-4c9a-aef7-3a613d23deec""}",2026-01-11T03:10:48.840628166Z
"[Tournament] Manual update by ""Shawn"" - 25 matches","{""level"":""info""}","{""project"":""d4aae26b-9fab-4baa-93f4-1b393c6d7c8a"",""environment"":""6d4d10f8-ef6e-4a33-ba9c-6a725e4554a8"",""service"":""51cba4c8-134f-4e77-9ac9-02d403d57a06"",""deployment"":""21ac7a1d-e3b2-439c-8818-0eb1b69b56b4"",""replica"":""deff1601-8d89-4c9a-aef7-3a613d23deec""}",2026-01-11T03:11:18.512144412Z
"[Score] Submitted by ""Shawn"" for match rK5VFdes","{""level"":""info""}","{""project"":""d4aae26b-9fab-4baa-93f4-1b393c6d7c8a"",""environment"":""6d4d10f8-ef6e-4a33-ba9c-6a725e4554a8"",""service"":""51cba4c8-134f-4e77-9ac9-02d403d57a06"",""deployment"":""21ac7a1d-e3b2-439c-8818-0eb1b69b56b4"",""replica"":""deff1601-8d89-4c9a-aef7-3a613d23deec""}",2026-01-11T03:12:19.543456829Z
"[Tournament] Manual update by ""Shawn"" - 25 matches","{""level"":""info""}","{""project"":""d4aae26b-9fab-4baa-93f4-1b393c6d7c8a"",""environment"":""6d4d10f8-ef6e-4a33-ba9c-6a725e4554a8"",""service"":""51cba4c8-134f-4e77-9ac9-02d403d57a06"",""deployment"":""21ac7a1d-e3b2-439c-8818-0eb1b69b56b4"",""replica"":""deff1601-8d89-4c9a-aef7-3a613d23deec""}",2026-01-11T03:13:30.601695487Z
"[Tournament] Manual update by ""Shawn"" - 25 matches","{""level"":""info""}","{""project"":""d4aae26b-9fab-4baa-93f4-1b393c6d7c8a"",""environment"":""6d4d10f8-ef6e-4a33-ba9c-6a725e4554a8"",""service"":""51cba4c8-134f-4e77-9ac9-02d403d57a06"",""deployment"":""21ac7a1d-e3b2-439c-8818-0eb1b69b56b4"",""replica"":""deff1601-8d89-4c9a-aef7-3a613d23deec""}",2026-01-11T03:13:33.431336845Z
[Socket] Disconnected: 3qzGnHqpc4qqUHHsAADA,"{""level"":""info""}","{""project"":""d4aae26b-9fab-4baa-93f4-1b393c6d7c8a"",""environment"":""6d4d10f8-ef6e-4a33-ba9c-6a725e4554a8"",""service"":""51cba4c8-134f-4e77-9ac9-02d403d57a06"",""deployment"":""21ac7a1d-e3b2-439c-8818-0eb1b69b56b4"",""replica"":""deff1601-8d89-4c9a-aef7-3a613d23deec""}",2026-01-11T03:25:23.304068191Z
"[Leave] ""Shawn"" left F2QQK3","{""level"":""info""}","{""project"":""d4aae26b-9fab-4baa-93f4-1b393c6d7c8a"",""environment"":""6d4d10f8-ef6e-4a33-ba9c-6a725e4554a8"",""service"":""51cba4c8-134f-4e77-9ac9-02d403d57a06"",""deployment"":""21ac7a1d-e3b2-439c-8818-0eb1b69b56b4"",""replica"":""deff1601-8d89-4c9a-aef7-3a613d23deec""}",2026-01-11T03:25:23.304080970Z
[Socket] Connected: ePx92rDpsmVlxj39AADO,"{""level"":""info""}","{""project"":""d4aae26b-9fab-4baa-93f4-1b393c6d7c8a"",""environment"":""6d4d10f8-ef6e-4a33-ba9c-6a725e4554a8"",""service"":""51cba4c8-134f-4e77-9ac9-02d403d57a06"",""deployment"":""21ac7a1d-e3b2-439c-8818-0eb1b69b56b4"",""replica"":""deff1601-8d89-4c9a-aef7-3a613d23deec""}",2026-01-11T03:25:23.304090088Z
"[Rejoin] ""Shawn"" attempting to rejoin F2QQK3 as host","{""level"":""info""}","{""project"":""d4aae26b-9fab-4baa-93f4-1b393c6d7c8a"",""environment"":""6d4d10f8-ef6e-4a33-ba9c-6a725e4554a8"",""service"":""51cba4c8-134f-4e77-9ac9-02d403d57a06"",""deployment"":""21ac7a1d-e3b2-439c-8818-0eb1b69b56b4"",""replica"":""deff1601-8d89-4c9a-aef7-3a613d23deec""}",2026-01-11T03:25:23.304098004Z
"[Rejoin] ""Shawn"" rejoined F2QQK3 as host","{""level"":""info""}","{""project"":""d4aae26b-9fab-4baa-93f4-1b393c6d7c8a"",""environment"":""6d4d10f8-ef6e-4a33-ba9c-6a725e4554a8"",""service"":""51cba4c8-134f-4e77-9ac9-02d403d57a06"",""deployment"":""21ac7a1d-e3b2-439c-8818-0eb1b69b56b4"",""replica"":""deff1601-8d89-4c9a-aef7-3a613d23deec""}",2026-01-11T03:25:23.304105948Z
[Socket] Disconnected: ePx92rDpsmVlxj39AADO,"{""level"":""info""}","{""project"":""d4aae26b-9fab-4baa-93f4-1b393c6d7c8a"",""environment"":""6d4d10f8-ef6e-4a33-ba9c-6a725e4554a8"",""service"":""51cba4c8-134f-4e77-9ac9-02d403d57a06"",""deployment"":""21ac7a1d-e3b2-439c-8818-0eb1b69b56b4"",""replica"":""deff1601-8d89-4c9a-aef7-3a613d23deec""}",2026-01-11T03:26:03.340992042Z
"[Leave] ""Shawn"" left F2QQK3","{""level"":""info""}","{""project"":""d4aae26b-9fab-4baa-93f4-1b393c6d7c8a"",""environment"":""6d4d10f8-ef6e-4a33-ba9c-6a725e4554a8"",""service"":""51cba4c8-134f-4e77-9ac9-02d403d57a06"",""deployment"":""21ac7a1d-e3b2-439c-8818-0eb1b69b56b4"",""replica"":""deff1601-8d89-4c9a-aef7-3a613d23deec""}",2026-01-11T03:26:03.341007248Z
[Socket] Connected: QzbTUwJxaB_lrBoKAADQ,"{""level"":""info""}","{""project"":""d4aae26b-9fab-4baa-93f4-1b393c6d7c8a"",""environment"":""6d4d10f8-ef6e-4a33-ba9c-6a725e4554a8"",""service"":""51cba4c8-134f-4e77-9ac9-02d403d57a06"",""deployment"":""21ac7a1d-e3b2-439c-8818-0eb1b69b56b4"",""replica"":""deff1601-8d89-4c9a-aef7-3a613d23deec""}",2026-01-11T03:30:57.443521729Z
"[Rejoin] ""Shawn"" attempting to rejoin F2QQK3 as host","{""level"":""info""}","{""project"":""d4aae26b-9fab-4baa-93f4-1b393c6d7c8a"",""environment"":""6d4d10f8-ef6e-4a33-ba9c-6a725e4554a8"",""service"":""51cba4c8-134f-4e77-9ac9-02d403d57a06"",""deployment"":""21ac7a1d-e3b2-439c-8818-0eb1b69b56b4"",""replica"":""deff1601-8d89-4c9a-aef7-3a613d23deec""}",2026-01-11T03:30:57.443528912Z
"[Rejoin] ""Shawn"" rejoined F2QQK3 as host","{""level"":""info""}","{""project"":""d4aae26b-9fab-4baa-93f4-1b393c6d7c8a"",""environment"":""6d4d10f8-ef6e-4a33-ba9c-6a725e4554a8"",""service"":""51cba4c8-134f-4e77-9ac9-02d403d57a06"",""deployment"":""21ac7a1d-e3b2-439c-8818-0eb1b69b56b4"",""replica"":""deff1601-8d89-4c9a-aef7-3a613d23deec""}",2026-01-11T03:30:57.443536571Z
[Socket] Disconnected: QzbTUwJxaB_lrBoKAADQ,"{""level"":""info""}","{""project"":""d4aae26b-9fab-4baa-93f4-1b393c6d7c8a"",""environment"":""6d4d10f8-ef6e-4a33-ba9c-6a725e4554a8"",""service"":""51cba4c8-134f-4e77-9ac9-02d403d57a06"",""deployment"":""21ac7a1d-e3b2-439c-8818-0eb1b69b56b4"",""replica"":""deff1601-8d89-4c9a-aef7-3a613d23deec""}",2026-01-11T03:31:37.916890215Z
"[Leave] ""Shawn"" left F2QQK3","{""level"":""info""}","{""project"":""d4aae26b-9fab-4baa-93f4-1b393c6d7c8a"",""environment"":""6d4d10f8-ef6e-4a33-ba9c-6a725e4554a8"",""service"":""51cba4c8-134f-4e77-9ac9-02d403d57a06"",""deployment"":""21ac7a1d-e3b2-439c-8818-0eb1b69b56b4"",""replica"":""deff1601-8d89-4c9a-aef7-3a613d23deec""}",2026-01-11T03:31:37.916900060Z
[Socket] Connected: 9zsAlRe5Cj1O9jVrAADS,"{""level"":""info""}","{""project"":""d4aae26b-9fab-4baa-93f4-1b393c6d7c8a"",""environment"":""6d4d10f8-ef6e-4a33-ba9c-6a725e4554a8"",""service"":""51cba4c8-134f-4e77-9ac9-02d403d57a06"",""deployment"":""21ac7a1d-e3b2-439c-8818-0eb1b69b56b4"",""replica"":""deff1601-8d89-4c9a-aef7-3a613d23deec""}",2026-01-11T03:49:53.492735558Z
"[Rejoin] ""Shawn"" attempting to rejoin F2QQK3 as host","{""level"":""info""}","{""project"":""d4aae26b-9fab-4baa-93f4-1b393c6d7c8a"",""environment"":""6d4d10f8-ef6e-4a33-ba9c-6a725e4554a8"",""service"":""51cba4c8-134f-4e77-9ac9-02d403d57a06"",""deployment"":""21ac7a1d-e3b2-439c-8818-0eb1b69b56b4"",""replica"":""deff1601-8d89-4c9a-aef7-3a613d23deec""}",2026-01-11T03:49:53.492744277Z
"[Rejoin] ""Shawn"" rejoined F2QQK3 as host","{""level"":""info""}","{""project"":""d4aae26b-9fab-4baa-93f4-1b393c6d7c8a"",""environment"":""6d4d10f8-ef6e-4a33-ba9c-6a725e4554a8"",""service"":""51cba4c8-134f-4e77-9ac9-02d403d57a06"",""deployment"":""21ac7a1d-e3b2-439c-8818-0eb1b69b56b4"",""replica"":""deff1601-8d89-4c9a-aef7-3a613d23deec""}",2026-01-11T03:49:53.492753595Z
[Cleanup] Warning sent to T3EVNF: 13 min remaining,"{""level"":""info""}","{""project"":""d4aae26b-9fab-4baa-93f4-1b393c6d7c8a"",""environment"":""6d4d10f8-ef6e-4a33-ba9c-6a725e4554a8"",""service"":""51cba4c8-134f-4e77-9ac9-02d403d57a06"",""deployment"":""21ac7a1d-e3b2-439c-8818-0eb1b69b56b4"",""replica"":""deff1601-8d89-4c9a-aef7-3a613d23deec""}",2026-01-11T03:57:39.793206966Z
[Socket] Disconnected: 9zsAlRe5Cj1O9jVrAADS,"{""level"":""info""}","{""project"":""d4aae26b-9fab-4baa-93f4-1b393c6d7c8a"",""environment"":""6d4d10f8-ef6e-4a33-ba9c-6a725e4554a8"",""service"":""51cba4c8-134f-4e77-9ac9-02d403d57a06"",""deployment"":""21ac7a1d-e3b2-439c-8818-0eb1b69b56b4"",""replica"":""deff1601-8d89-4c9a-aef7-3a613d23deec""}",2026-01-11T03:59:20.408675793Z
"[Leave] ""Shawn"" left F2QQK3","{""level"":""info""}","{""project"":""d4aae26b-9fab-4baa-93f4-1b393c6d7c8a"",""environment"":""6d4d10f8-ef6e-4a33-ba9c-6a725e4554a8"",""service"":""51cba4c8-134f-4e77-9ac9-02d403d57a06"",""deployment"":""21ac7a1d-e3b2-439c-8818-0eb1b69b56b4"",""replica"":""deff1601-8d89-4c9a-aef7-3a613d23deec""}",2026-01-11T03:59:20.408689514Z
[Socket] Connected: u6HDxLAJAcG28sjtAADU,"{""level"":""info""}","{""project"":""d4aae26b-9fab-4baa-93f4-1b393c6d7c8a"",""environment"":""6d4d10f8-ef6e-4a33-ba9c-6a725e4554a8"",""service"":""51cba4c8-134f-4e77-9ac9-02d403d57a06"",""deployment"":""21ac7a1d-e3b2-439c-8818-0eb1b69b56b4"",""replica"":""deff1601-8d89-4c9a-aef7-3a613d23deec""}",2026-01-11T03:59:20.408699642Z
"[Rejoin] ""Shawn"" attempting to rejoin F2QQK3 as host","{""level"":""info""}","{""project"":""d4aae26b-9fab-4baa-93f4-1b393c6d7c8a"",""environment"":""6d4d10f8-ef6e-4a33-ba9c-6a725e4554a8"",""service"":""51cba4c8-134f-4e77-9ac9-02d403d57a06"",""deployment"":""21ac7a1d-e3b2-439c-8818-0eb1b69b56b4"",""replica"":""deff1601-8d89-4c9a-aef7-3a613d23deec""}",2026-01-11T03:59:20.408708905Z
"[Rejoin] ""Shawn"" rejoined F2QQK3 as host","{""level"":""info""}","{""project"":""d4aae26b-9fab-4baa-93f4-1b393c6d7c8a"",""environment"":""6d4d10f8-ef6e-4a33-ba9c-6a725e4554a8"",""service"":""51cba4c8-134f-4e77-9ac9-02d403d57a06"",""deployment"":""21ac7a1d-e3b2-439c-8818-0eb1b69b56b4"",""replica"":""deff1601-8d89-4c9a-aef7-3a613d23deec""}",2026-01-11T03:59:20.408717989Z
[Socket] Disconnected: u6HDxLAJAcG28sjtAADU,"{""level"":""info""}","{""project"":""d4aae26b-9fab-4baa-93f4-1b393c6d7c8a"",""environment"":""6d4d10f8-ef6e-4a33-ba9c-6a725e4554a8"",""service"":""51cba4c8-134f-4e77-9ac9-02d403d57a06"",""deployment"":""21ac7a1d-e3b2-439c-8818-0eb1b69b56b4"",""replica"":""deff1601-8d89-4c9a-aef7-3a613d23deec""}",2026-01-11T04:00:10.388217160Z
"[Leave] ""Shawn"" left F2QQK3","{""level"":""info""}","{""project"":""d4aae26b-9fab-4baa-93f4-1b393c6d7c8a"",""environment"":""6d4d10f8-ef6e-4a33-ba9c-6a725e4554a8"",""service"":""51cba4c8-134f-4e77-9ac9-02d403d57a06"",""deployment"":""21ac7a1d-e3b2-439c-8818-0eb1b69b56b4"",""replica"":""deff1601-8d89-4c9a-aef7-3a613d23deec""}",2026-01-11T04:00:10.388227885Z
[Socket] Connected: 7VMSb6cwRtjGHgbkAADW,"{""level"":""info""}","{""project"":""d4aae26b-9fab-4baa-93f4-1b393c6d7c8a"",""environment"":""6d4d10f8-ef6e-4a33-ba9c-6a725e4554a8"",""service"":""51cba4c8-134f-4e77-9ac9-02d403d57a06"",""deployment"":""21ac7a1d-e3b2-439c-8818-0eb1b69b56b4"",""replica"":""deff1601-8d89-4c9a-aef7-3a613d23deec""}",2026-01-11T04:02:41.976079284Z
"[Rejoin] ""Shawn"" attempting to rejoin F2QQK3 as host","{""level"":""info""}","{""project"":""d4aae26b-9fab-4baa-93f4-1b393c6d7c8a"",""environment"":""6d4d10f8-ef6e-4a33-ba9c-6a725e4554a8"",""service"":""51cba4c8-134f-4e77-9ac9-02d403d57a06"",""deployment"":""21ac7a1d-e3b2-439c-8818-0eb1b69b56b4"",""replica"":""deff1601-8d89-4c9a-aef7-3a613d23deec""}",2026-01-11T04:02:41.976087865Z
"[Rejoin] ""Shawn"" rejoined F2QQK3 as host","{""level"":""info""}","{""project"":""d4aae26b-9fab-4baa-93f4-1b393c6d7c8a"",""environment"":""6d4d10f8-ef6e-4a33-ba9c-6a725e4554a8"",""service"":""51cba4c8-134f-4e77-9ac9-02d403d57a06"",""deployment"":""21ac7a1d-e3b2-439c-8818-0eb1b69b56b4"",""replica"":""deff1601-8d89-4c9a-aef7-3a613d23deec""}",2026-01-11T04:02:41.976097085Z
[Socket] Disconnected: 7VMSb6cwRtjGHgbkAADW,"{""level"":""info""}","{""project"":""d4aae26b-9fab-4baa-93f4-1b393c6d7c8a"",""environment"":""6d4d10f8-ef6e-4a33-ba9c-6a725e4554a8"",""service"":""51cba4c8-134f-4e77-9ac9-02d403d57a06"",""deployment"":""21ac7a1d-e3b2-439c-8818-0eb1b69b56b4"",""replica"":""deff1601-8d89-4c9a-aef7-3a613d23deec""}",2026-01-11T04:03:22.282135318Z
"[Leave] ""Shawn"" left F2QQK3","{""level"":""info""}","{""project"":""d4aae26b-9fab-4baa-93f4-1b393c6d7c8a"",""environment"":""6d4d10f8-ef6e-4a33-ba9c-6a725e4554a8"",""service"":""51cba4c8-134f-4e77-9ac9-02d403d57a06"",""deployment"":""21ac7a1d-e3b2-439c-8818-0eb1b69b56b4"",""replica"":""deff1601-8d89-4c9a-aef7-3a613d23deec""}",2026-01-11T04:03:22.282150120Z
[Socket] Connected: d1wICuiT92VypYvWAADY,"{""level"":""info""}","{""project"":""d4aae26b-9fab-4baa-93f4-1b393c6d7c8a"",""environment"":""6d4d10f8-ef6e-4a33-ba9c-6a725e4554a8"",""service"":""51cba4c8-134f-4e77-9ac9-02d403d57a06"",""deployment"":""21ac7a1d-e3b2-439c-8818-0eb1b69b56b4"",""replica"":""deff1601-8d89-4c9a-aef7-3a613d23deec""}",2026-01-11T04:07:34.826812596Z
"[Rejoin] ""Shawn"" attempting to rejoin F2QQK3 as host","{""level"":""info""}","{""project"":""d4aae26b-9fab-4baa-93f4-1b393c6d7c8a"",""environment"":""6d4d10f8-ef6e-4a33-ba9c-6a725e4554a8"",""service"":""51cba4c8-134f-4e77-9ac9-02d403d57a06"",""deployment"":""21ac7a1d-e3b2-439c-8818-0eb1b69b56b4"",""replica"":""deff1601-8d89-4c9a-aef7-3a613d23deec""}",2026-01-11T04:07:34.826821336Z
"[Rejoin] ""Shawn"" rejoined F2QQK3 as host","{""level"":""info""}","{""project"":""d4aae26b-9fab-4baa-93f4-1b393c6d7c8a"",""environment"":""6d4d10f8-ef6e-4a33-ba9c-6a725e4554a8"",""service"":""51cba4c8-134f-4e77-9ac9-02d403d57a06"",""deployment"":""21ac7a1d-e3b2-439c-8818-0eb1b69b56b4"",""replica"":""deff1601-8d89-4c9a-aef7-3a613d23deec""}",2026-01-11T04:07:34.826829230Z
[Socket] Disconnected: d1wICuiT92VypYvWAADY,"{""level"":""info""}","{""project"":""d4aae26b-9fab-4baa-93f4-1b393c6d7c8a"",""environment"":""6d4d10f8-ef6e-4a33-ba9c-6a725e4554a8"",""service"":""51cba4c8-134f-4e77-9ac9-02d403d57a06"",""deployment"":""21ac7a1d-e3b2-439c-8818-0eb1b69b56b4"",""replica"":""deff1601-8d89-4c9a-aef7-3a613d23deec""}",2026-01-11T04:08:15.037498534Z
"[Leave] ""Shawn"" left F2QQK3","{""level"":""info""}","{""project"":""d4aae26b-9fab-4baa-93f4-1b393c6d7c8a"",""environment"":""6d4d10f8-ef6e-4a33-ba9c-6a725e4554a8"",""service"":""51cba4c8-134f-4e77-9ac9-02d403d57a06"",""deployment"":""21ac7a1d-e3b2-439c-8818-0eb1b69b56b4"",""replica"":""deff1601-8d89-4c9a-aef7-3a613d23deec""}",2026-01-11T04:08:15.037506744Z
[Socket] Connected: M3uNQoSeDazLv4qdAADa,"{""level"":""info""}","{""project"":""d4aae26b-9fab-4baa-93f4-1b393c6d7c8a"",""environment"":""6d4d10f8-ef6e-4a33-ba9c-6a725e4554a8"",""service"":""51cba4c8-134f-4e77-9ac9-02d403d57a06"",""deployment"":""21ac7a1d-e3b2-439c-8818-0eb1b69b56b4"",""replica"":""deff1601-8d89-4c9a-aef7-3a613d23deec""}",2026-01-11T04:11:37.415939719Z
"[Rejoin] ""Shawn"" attempting to rejoin F2QQK3 as host","{""level"":""info""}","{""project"":""d4aae26b-9fab-4baa-93f4-1b393c6d7c8a"",""environment"":""6d4d10f8-ef6e-4a33-ba9c-6a725e4554a8"",""service"":""51cba4c8-134f-4e77-9ac9-02d403d57a06"",""deployment"":""21ac7a1d-e3b2-439c-8818-0eb1b69b56b4"",""replica"":""deff1601-8d89-4c9a-aef7-3a613d23deec""}",2026-01-11T04:11:37.415948434Z
"[Rejoin] ""Shawn"" rejoined F2QQK3 as host","{""level"":""info""}","{""project"":""d4aae26b-9fab-4baa-93f4-1b393c6d7c8a"",""environment"":""6d4d10f8-ef6e-4a33-ba9c-6a725e4554a8"",""service"":""51cba4c8-134f-4e77-9ac9-02d403d57a06"",""deployment"":""21ac7a1d-e3b2-439c-8818-0eb1b69b56b4"",""replica"":""deff1601-8d89-4c9a-aef7-3a613d23deec""}",2026-01-11T04:11:37.415957035Z
[Socket] Disconnected: M3uNQoSeDazLv4qdAADa,"{""level"":""info""}","{""project"":""d4aae26b-9fab-4baa-93f4-1b393c6d7c8a"",""environment"":""6d4d10f8-ef6e-4a33-ba9c-6a725e4554a8"",""service"":""51cba4c8-134f-4e77-9ac9-02d403d57a06"",""deployment"":""21ac7a1d-e3b2-439c-8818-0eb1b69b56b4"",""replica"":""deff1601-8d89-4c9a-aef7-3a613d23deec""}",2026-01-11T04:12:17.507555345Z
"[Leave] ""Shawn"" left F2QQK3","{""level"":""info""}","{""project"":""d4aae26b-9fab-4baa-93f4-1b393c6d7c8a"",""environment"":""6d4d10f8-ef6e-4a33-ba9c-6a725e4554a8"",""service"":""51cba4c8-134f-4e77-9ac9-02d403d57a06"",""deployment"":""21ac7a1d-e3b2-439c-8818-0eb1b69b56b4"",""replica"":""deff1601-8d89-4c9a-aef7-3a613d23deec""}",2026-01-11T04:12:17.507564090Z
[Cleanup] Deleting inactive room: T3EVNF,"{""level"":""info""}","{""project"":""d4aae26b-9fab-4baa-93f4-1b393c6d7c8a"",""environment"":""6d4d10f8-ef6e-4a33-ba9c-6a725e4554a8"",""service"":""51cba4c8-134f-4e77-9ac9-02d403d57a06"",""deployment"":""21ac7a1d-e3b2-439c-8818-0eb1b69b56b4"",""replica"":""deff1601-8d89-4c9a-aef7-3a613d23deec""}",2026-01-11T04:12:37.457000090Z
[Socket] Connected: DYNpv1P2ezn0X-v7AADc,"{""level"":""info""}","{""project"":""d4aae26b-9fab-4baa-93f4-1b393c6d7c8a"",""environment"":""6d4d10f8-ef6e-4a33-ba9c-6a725e4554a8"",""service"":""51cba4c8-134f-4e77-9ac9-02d403d57a06"",""deployment"":""21ac7a1d-e3b2-439c-8818-0eb1b69b56b4"",""replica"":""deff1601-8d89-4c9a-aef7-3a613d23deec""}",2026-01-11T04:13:58.014567594Z
"[Rejoin] ""Shawn"" attempting to rejoin F2QQK3 as host","{""level"":""info""}","{""project"":""d4aae26b-9fab-4baa-93f4-1b393c6d7c8a"",""environment"":""6d4d10f8-ef6e-4a33-ba9c-6a725e4554a8"",""service"":""51cba4c8-134f-4e77-9ac9-02d403d57a06"",""deployment"":""21ac7a1d-e3b2-439c-8818-0eb1b69b56b4"",""replica"":""deff1601-8d89-4c9a-aef7-3a613d23deec""}",2026-01-11T04:13:58.014576016Z
"[Rejoin] ""Shawn"" rejoined F2QQK3 as host","{""level"":""info""}","{""project"":""d4aae26b-9fab-4baa-93f4-1b393c6d7c8a"",""environment"":""6d4d10f8-ef6e-4a33-ba9c-6a725e4554a8"",""service"":""51cba4c8-134f-4e77-9ac9-02d403d57a06"",""deployment"":""21ac7a1d-e3b2-439c-8818-0eb1b69b56b4"",""replica"":""deff1601-8d89-4c9a-aef7-3a613d23deec""}",2026-01-11T04:13:58.014584541Z
[Socket] Disconnected: DYNpv1P2ezn0X-v7AADc,"{""level"":""info""}","{""project"":""d4aae26b-9fab-4baa-93f4-1b393c6d7c8a"",""environment"":""6d4d10f8-ef6e-4a33-ba9c-6a725e4554a8"",""service"":""51cba4c8-134f-4e77-9ac9-02d403d57a06"",""deployment"":""21ac7a1d-e3b2-439c-8818-0eb1b69b56b4"",""replica"":""deff1601-8d89-4c9a-aef7-3a613d23deec""}",2026-01-11T04:15:28.591013966Z
"[Leave] ""Shawn"" left F2QQK3","{""level"":""info""}","{""project"":""d4aae26b-9fab-4baa-93f4-1b393c6d7c8a"",""environment"":""6d4d10f8-ef6e-4a33-ba9c-6a725e4554a8"",""service"":""51cba4c8-134f-4e77-9ac9-02d403d57a06"",""deployment"":""21ac7a1d-e3b2-439c-8818-0eb1b69b56b4"",""replica"":""deff1601-8d89-4c9a-aef7-3a613d23deec""}",2026-01-11T04:15:28.591027620Z
[Socket] Connected: DuaSl37lcC2rMMrhAADe,"{""level"":""info""}","{""project"":""d4aae26b-9fab-4baa-93f4-1b393c6d7c8a"",""environment"":""6d4d10f8-ef6e-4a33-ba9c-6a725e4554a8"",""service"":""51cba4c8-134f-4e77-9ac9-02d403d57a06"",""deployment"":""21ac7a1d-e3b2-439c-8818-0eb1b69b56b4"",""replica"":""deff1601-8d89-4c9a-aef7-3a613d23deec""}",2026-01-11T04:17:09.174987083Z
"[Rejoin] ""Shawn"" attempting to rejoin F2QQK3 as host","{""level"":""info""}","{""project"":""d4aae26b-9fab-4baa-93f4-1b393c6d7c8a"",""environment"":""6d4d10f8-ef6e-4a33-ba9c-6a725e4554a8"",""service"":""51cba4c8-134f-4e77-9ac9-02d403d57a06"",""deployment"":""21ac7a1d-e3b2-439c-8818-0eb1b69b56b4"",""replica"":""deff1601-8d89-4c9a-aef7-3a613d23deec""}",2026-01-11T04:17:09.174996623Z
"[Rejoin] ""Shawn"" rejoined F2QQK3 as host","{""level"":""info""}","{""project"":""d4aae26b-9fab-4baa-93f4-1b393c6d7c8a"",""environment"":""6d4d10f8-ef6e-4a33-ba9c-6a725e4554a8"",""service"":""51cba4c8-134f-4e77-9ac9-02d403d57a06"",""deployment"":""21ac7a1d-e3b2-439c-8818-0eb1b69b56b4"",""replica"":""deff1601-8d89-4c9a-aef7-3a613d23deec""}",2026-01-11T04:17:09.175005845Z
[Socket] Disconnected: DuaSl37lcC2rMMrhAADe,"{""level"":""info""}","{""project"":""d4aae26b-9fab-4baa-93f4-1b393c6d7c8a"",""environment"":""6d4d10f8-ef6e-4a33-ba9c-6a725e4554a8"",""service"":""51cba4c8-134f-4e77-9ac9-02d403d57a06"",""deployment"":""21ac7a1d-e3b2-439c-8818-0eb1b69b56b4"",""replica"":""deff1601-8d89-4c9a-aef7-3a613d23deec""}",2026-01-11T04:20:42.668558493Z
"[Leave] ""Shawn"" left F2QQK3","{""level"":""info""}","{""project"":""d4aae26b-9fab-4baa-93f4-1b393c6d7c8a"",""environment"":""6d4d10f8-ef6e-4a33-ba9c-6a725e4554a8"",""service"":""51cba4c8-134f-4e77-9ac9-02d403d57a06"",""deployment"":""21ac7a1d-e3b2-439c-8818-0eb1b69b56b4"",""replica"":""deff1601-8d89-4c9a-aef7-3a613d23deec""}",2026-01-11T04:20:42.668569043Z
[Socket] Connected: ZlTjg9V9Xe-WoDyTAADg,"{""level"":""info""}","{""project"":""d4aae26b-9fab-4baa-93f4-1b393c6d7c8a"",""environment"":""6d4d10f8-ef6e-4a33-ba9c-6a725e4554a8"",""service"":""51cba4c8-134f-4e77-9ac9-02d403d57a06"",""deployment"":""21ac7a1d-e3b2-439c-8818-0eb1b69b56b4"",""replica"":""deff1601-8d89-4c9a-aef7-3a613d23deec""}",2026-01-11T04:20:42.668577766Z
"[Rejoin] ""Shawn"" attempting to rejoin F2QQK3 as host","{""level"":""info""}","{""project"":""d4aae26b-9fab-4baa-93f4-1b393c6d7c8a"",""environment"":""6d4d10f8-ef6e-4a33-ba9c-6a725e4554a8"",""service"":""51cba4c8-134f-4e77-9ac9-02d403d57a06"",""deployment"":""21ac7a1d-e3b2-439c-8818-0eb1b69b56b4"",""replica"":""deff1601-8d89-4c9a-aef7-3a613d23deec""}",2026-01-11T04:20:42.668586721Z
"[Rejoin] ""Shawn"" rejoined F2QQK3 as host","{""level"":""info""}","{""project"":""d4aae26b-9fab-4baa-93f4-1b393c6d7c8a"",""environment"":""6d4d10f8-ef6e-4a33-ba9c-6a725e4554a8"",""service"":""51cba4c8-134f-4e77-9ac9-02d403d57a06"",""deployment"":""21ac7a1d-e3b2-439c-8818-0eb1b69b56b4"",""replica"":""deff1601-8d89-4c9a-aef7-3a613d23deec""}",2026-01-11T04:20:42.668596433Z
[Socket] Disconnected: ZlTjg9V9Xe-WoDyTAADg,"{""level"":""info""}","{""project"":""d4aae26b-9fab-4baa-93f4-1b393c6d7c8a"",""environment"":""6d4d10f8-ef6e-4a33-ba9c-6a725e4554a8"",""service"":""51cba4c8-134f-4e77-9ac9-02d403d57a06"",""deployment"":""21ac7a1d-e3b2-439c-8818-0eb1b69b56b4"",""replica"":""deff1601-8d89-4c9a-aef7-3a613d23deec""}",2026-01-11T04:21:22.711986342Z
"[Leave] ""Shawn"" left F2QQK3","{""level"":""info""}","{""project"":""d4aae26b-9fab-4baa-93f4-1b393c6d7c8a"",""environment"":""6d4d10f8-ef6e-4a33-ba9c-6a725e4554a8"",""service"":""51cba4c8-134f-4e77-9ac9-02d403d57a06"",""deployment"":""21ac7a1d-e3b2-439c-8818-0eb1b69b56b4"",""replica"":""deff1601-8d89-4c9a-aef7-3a613d23deec""}",2026-01-11T04:21:22.712000998Z
[Socket] Connected: TmcKH-pIBaDkMH51AADi,"{""level"":""info""}","{""project"":""d4aae26b-9fab-4baa-93f4-1b393c6d7c8a"",""environment"":""6d4d10f8-ef6e-4a33-ba9c-6a725e4554a8"",""service"":""51cba4c8-134f-4e77-9ac9-02d403d57a06"",""deployment"":""21ac7a1d-e3b2-439c-8818-0eb1b69b56b4"",""replica"":""deff1601-8d89-4c9a-aef7-3a613d23deec""}",2026-01-11T04:29:28.017431906Z
[Socket] Disconnected: TmcKH-pIBaDkMH51AADi,"{""level"":""info""}","{""project"":""d4aae26b-9fab-4baa-93f4-1b393c6d7c8a"",""environment"":""6d4d10f8-ef6e-4a33-ba9c-6a725e4554a8"",""service"":""51cba4c8-134f-4e77-9ac9-02d403d57a06"",""deployment"":""21ac7a1d-e3b2-439c-8818-0eb1b69b56b4"",""replica"":""deff1601-8d89-4c9a-aef7-3a613d23deec""}",2026-01-11T04:29:47.716510535Z
[Socket] Connected: nwJ6TredGL_WP5QPAADk,"{""level"":""info""}","{""project"":""d4aae26b-9fab-4baa-93f4-1b393c6d7c8a"",""environment"":""6d4d10f8-ef6e-4a33-ba9c-6a725e4554a8"",""service"":""51cba4c8-134f-4e77-9ac9-02d403d57a06"",""deployment"":""21ac7a1d-e3b2-439c-8818-0eb1b69b56b4"",""replica"":""deff1601-8d89-4c9a-aef7-3a613d23deec""}",2026-01-11T04:42:04.925567902Z
[Socket] Disconnected: nwJ6TredGL_WP5QPAADk,"{""level"":""info""}","{""project"":""d4aae26b-9fab-4baa-93f4-1b393c6d7c8a"",""environment"":""6d4d10f8-ef6e-4a33-ba9c-6a725e4554a8"",""service"":""51cba4c8-134f-4e77-9ac9-02d403d57a06"",""deployment"":""21ac7a1d-e3b2-439c-8818-0eb1b69b56b4"",""replica"":""deff1601-8d89-4c9a-aef7-3a613d23deec""}",2026-01-11T04:42:04.925577096Z
[Socket] Connected: yQYCFto_JSt6wWm3AADm,"{""level"":""info""}","{""project"":""d4aae26b-9fab-4baa-93f4-1b393c6d7c8a"",""environment"":""6d4d10f8-ef6e-4a33-ba9c-6a725e4554a8"",""service"":""51cba4c8-134f-4e77-9ac9-02d403d57a06"",""deployment"":""21ac7a1d-e3b2-439c-8818-0eb1b69b56b4"",""replica"":""deff1601-8d89-4c9a-aef7-3a613d23deec""}",2026-01-11T04:46:08.146152141Z
"[Rejoin] ""Shawn"" attempting to rejoin F2QQK3 as host","{""level"":""info""}","{""project"":""d4aae26b-9fab-4baa-93f4-1b393c6d7c8a"",""environment"":""6d4d10f8-ef6e-4a33-ba9c-6a725e4554a8"",""service"":""51cba4c8-134f-4e77-9ac9-02d403d57a06"",""deployment"":""21ac7a1d-e3b2-439c-8818-0eb1b69b56b4"",""replica"":""deff1601-8d89-4c9a-aef7-3a613d23deec""}",2026-01-11T04:46:08.146164088Z
"[Rejoin] ""Shawn"" rejoined F2QQK3 as host","{""level"":""info""}","{""project"":""d4aae26b-9fab-4baa-93f4-1b393c6d7c8a"",""environment"":""6d4d10f8-ef6e-4a33-ba9c-6a725e4554a8"",""service"":""51cba4c8-134f-4e77-9ac9-02d403d57a06"",""deployment"":""21ac7a1d-e3b2-439c-8818-0eb1b69b56b4"",""replica"":""deff1601-8d89-4c9a-aef7-3a613d23deec""}",2026-01-11T04:46:08.146174072Z
[Socket] Disconnected: yQYCFto_JSt6wWm3AADm,"{""level"":""info""}","{""project"":""d4aae26b-9fab-4baa-93f4-1b393c6d7c8a"",""environment"":""6d4d10f8-ef6e-4a33-ba9c-6a725e4554a8"",""service"":""51cba4c8-134f-4e77-9ac9-02d403d57a06"",""deployment"":""21ac7a1d-e3b2-439c-8818-0eb1b69b56b4"",""replica"":""deff1601-8d89-4c9a-aef7-3a613d23deec""}",2026-01-11T04:47:18.284802705Z
"[Leave] ""Shawn"" left F2QQK3","{""level"":""info""}","{""project"":""d4aae26b-9fab-4baa-93f4-1b393c6d7c8a"",""environment"":""6d4d10f8-ef6e-4a33-ba9c-6a725e4554a8"",""service"":""51cba4c8-134f-4e77-9ac9-02d403d57a06"",""deployment"":""21ac7a1d-e3b2-439c-8818-0eb1b69b56b4"",""replica"":""deff1601-8d89-4c9a-aef7-3a613d23deec""}",2026-01-11T04:47:18.284818446Z
[Socket] Connected: RfDJcPfvvAdGu-xgAADo,"{""level"":""info""}","{""project"":""d4aae26b-9fab-4baa-93f4-1b393c6d7c8a"",""environment"":""6d4d10f8-ef6e-4a33-ba9c-6a725e4554a8"",""service"":""51cba4c8-134f-4e77-9ac9-02d403d57a06"",""deployment"":""21ac7a1d-e3b2-439c-8818-0eb1b69b56b4"",""replica"":""deff1601-8d89-4c9a-aef7-3a613d23deec""}",2026-01-11T04:49:19.797485000Z
[Socket] Connected: w5LKfH9AhUDJdDEiAADq,"{""level"":""info""}","{""project"":""d4aae26b-9fab-4baa-93f4-1b393c6d7c8a"",""environment"":""6d4d10f8-ef6e-4a33-ba9c-6a725e4554a8"",""service"":""51cba4c8-134f-4e77-9ac9-02d403d57a06"",""deployment"":""21ac7a1d-e3b2-439c-8818-0eb1b69b56b4"",""replica"":""deff1601-8d89-4c9a-aef7-3a613d23deec""}",2026-01-11T04:49:39.610876016Z
"[Rejoin] ""Shawn"" attempting to rejoin F2QQK3 as host","{""level"":""info""}","{""project"":""d4aae26b-9fab-4baa-93f4-1b393c6d7c8a"",""environment"":""6d4d10f8-ef6e-4a33-ba9c-6a725e4554a8"",""service"":""51cba4c8-134f-4e77-9ac9-02d403d57a06"",""deployment"":""21ac7a1d-e3b2-439c-8818-0eb1b69b56b4"",""replica"":""deff1601-8d89-4c9a-aef7-3a613d23deec""}",2026-01-11T04:49:39.610890105Z
"[Rejoin] ""Shawn"" rejoined F2QQK3 as host","{""level"":""info""}","{""project"":""d4aae26b-9fab-4baa-93f4-1b393c6d7c8a"",""environment"":""6d4d10f8-ef6e-4a33-ba9c-6a725e4554a8"",""service"":""51cba4c8-134f-4e77-9ac9-02d403d57a06"",""deployment"":""21ac7a1d-e3b2-439c-8818-0eb1b69b56b4"",""replica"":""deff1601-8d89-4c9a-aef7-3a613d23deec""}",2026-01-11T04:49:39.610919861Z
[Socket] Disconnected: RfDJcPfvvAdGu-xgAADo,"{""level"":""info""}","{""project"":""d4aae26b-9fab-4baa-93f4-1b393c6d7c8a"",""environment"":""6d4d10f8-ef6e-4a33-ba9c-6a725e4554a8"",""service"":""51cba4c8-134f-4e77-9ac9-02d403d57a06"",""deployment"":""21ac7a1d-e3b2-439c-8818-0eb1b69b56b4"",""replica"":""deff1601-8d89-4c9a-aef7-3a613d23deec""}",2026-01-11T04:49:42.540958303Z
[Socket] Connected: 8ZoSJQD4PLLi6UEZAADs,"{""level"":""info""}","{""project"":""d4aae26b-9fab-4baa-93f4-1b393c6d7c8a"",""environment"":""6d4d10f8-ef6e-4a33-ba9c-6a725e4554a8"",""service"":""51cba4c8-134f-4e77-9ac9-02d403d57a06"",""deployment"":""21ac7a1d-e3b2-439c-8818-0eb1b69b56b4"",""replica"":""deff1601-8d89-4c9a-aef7-3a613d23deec""}",2026-01-11T04:49:42.969746961Z
"[Join] ""Shawn"" attempting to join F2QQK3","{""level"":""info""}","{""project"":""d4aae26b-9fab-4baa-93f4-1b393c6d7c8a"",""environment"":""6d4d10f8-ef6e-4a33-ba9c-6a725e4554a8"",""service"":""51cba4c8-134f-4e77-9ac9-02d403d57a06"",""deployment"":""21ac7a1d-e3b2-439c-8818-0eb1b69b56b4"",""replica"":""deff1601-8d89-4c9a-aef7-3a613d23deec""}",2026-01-11T04:50:02.981119606Z
"[Join] ""Shawn"" joined F2QQK3 as player mk900a9tfkgbxhf5p","{""level"":""info""}","{""project"":""d4aae26b-9fab-4baa-93f4-1b393c6d7c8a"",""environment"":""6d4d10f8-ef6e-4a33-ba9c-6a725e4554a8"",""service"":""51cba4c8-134f-4e77-9ac9-02d403d57a06"",""deployment"":""21ac7a1d-e3b2-439c-8818-0eb1b69b56b4"",""replica"":""deff1601-8d89-4c9a-aef7-3a613d23deec""}",2026-01-11T04:50:02.981127263Z
[Socket] Disconnected: w5LKfH9AhUDJdDEiAADq,"{""level"":""info""}","{""project"":""d4aae26b-9fab-4baa-93f4-1b393c6d7c8a"",""environment"":""6d4d10f8-ef6e-4a33-ba9c-6a725e4554a8"",""service"":""51cba4c8-134f-4e77-9ac9-02d403d57a06"",""deployment"":""21ac7a1d-e3b2-439c-8818-0eb1b69b56b4"",""replica"":""deff1601-8d89-4c9a-aef7-3a613d23deec""}",2026-01-11T04:50:09.252760693Z
"[Leave] ""Shawn"" left F2QQK3","{""level"":""info""}","{""project"":""d4aae26b-9fab-4baa-93f4-1b393c6d7c8a"",""environment"":""6d4d10f8-ef6e-4a33-ba9c-6a725e4554a8"",""service"":""51cba4c8-134f-4e77-9ac9-02d403d57a06"",""deployment"":""21ac7a1d-e3b2-439c-8818-0eb1b69b56b4"",""replica"":""deff1601-8d89-4c9a-aef7-3a613d23deec""}",2026-01-11T04:50:09.252772205Z
[Socket] Disconnected: 8ZoSJQD4PLLi6UEZAADs,"{""level"":""info""}","{""project"":""d4aae26b-9fab-4baa-93f4-1b393c6d7c8a"",""environment"":""6d4d10f8-ef6e-4a33-ba9c-6a725e4554a8"",""service"":""51cba4c8-134f-4e77-9ac9-02d403d57a06"",""deployment"":""21ac7a1d-e3b2-439c-8818-0eb1b69b56b4"",""replica"":""deff1601-8d89-4c9a-aef7-3a613d23deec""}",2026-01-11T04:50:49.657584846Z
"[Leave] ""Shawn"" left F2QQK3","{""level"":""info""}","{""project"":""d4aae26b-9fab-4baa-93f4-1b393c6d7c8a"",""environment"":""6d4d10f8-ef6e-4a33-ba9c-6a725e4554a8"",""service"":""51cba4c8-134f-4e77-9ac9-02d403d57a06"",""deployment"":""21ac7a1d-e3b2-439c-8818-0eb1b69b56b4"",""replica"":""deff1601-8d89-4c9a-aef7-3a613d23deec""}",2026-01-11T04:50:49.657593242Z
[Socket] Connected: w6jbT77lk5XLHaWAAADu,"{""level"":""info""}","{""project"":""d4aae26b-9fab-4baa-93f4-1b393c6d7c8a"",""environment"":""6d4d10f8-ef6e-4a33-ba9c-6a725e4554a8"",""service"":""51cba4c8-134f-4e77-9ac9-02d403d57a06"",""deployment"":""21ac7a1d-e3b2-439c-8818-0eb1b69b56b4"",""replica"":""deff1601-8d89-4c9a-aef7-3a613d23deec""}",2026-01-11T05:09:26.592068297Z
[Socket] Disconnected: w6jbT77lk5XLHaWAAADu,"{""level"":""info""}","{""project"":""d4aae26b-9fab-4baa-93f4-1b393c6d7c8a"",""environment"":""6d4d10f8-ef6e-4a33-ba9c-6a725e4554a8"",""service"":""51cba4c8-134f-4e77-9ac9-02d403d57a06"",""deployment"":""21ac7a1d-e3b2-439c-8818-0eb1b69b56b4"",""replica"":""deff1601-8d89-4c9a-aef7-3a613d23deec""}",2026-01-11T05:09:26.592076027Z
[Socket] Connected: 2wp6T3hvlc0al6w7AADw,"{""level"":""info""}","{""project"":""d4aae26b-9fab-4baa-93f4-1b393c6d7c8a"",""environment"":""6d4d10f8-ef6e-4a33-ba9c-6a725e4554a8"",""service"":""51cba4c8-134f-4e77-9ac9-02d403d57a06"",""deployment"":""21ac7a1d-e3b2-439c-8818-0eb1b69b56b4"",""replica"":""deff1601-8d89-4c9a-aef7-3a613d23deec""}",2026-01-11T05:09:56.796426559Z
"[Rejoin] ""Shawn"" attempting to rejoin F2QQK3 as host","{""level"":""info""}","{""project"":""d4aae26b-9fab-4baa-93f4-1b393c6d7c8a"",""environment"":""6d4d10f8-ef6e-4a33-ba9c-6a725e4554a8"",""service"":""51cba4c8-134f-4e77-9ac9-02d403d57a06"",""deployment"":""21ac7a1d-e3b2-439c-8818-0eb1b69b56b4"",""replica"":""deff1601-8d89-4c9a-aef7-3a613d23deec""}",2026-01-11T05:09:56.796452776Z
"[Rejoin] ""Shawn"" rejoined F2QQK3 as host","{""level"":""info""}","{""project"":""d4aae26b-9fab-4baa-93f4-1b393c6d7c8a"",""environment"":""6d4d10f8-ef6e-4a33-ba9c-6a725e4554a8"",""service"":""51cba4c8-134f-4e77-9ac9-02d403d57a06"",""deployment"":""21ac7a1d-e3b2-439c-8818-0eb1b69b56b4"",""replica"":""deff1601-8d89-4c9a-aef7-3a613d23deec""}",2026-01-11T05:09:56.796462192Z
[Socket] Disconnected: 2wp6T3hvlc0al6w7AADw,"{""level"":""info""}","{""project"":""d4aae26b-9fab-4baa-93f4-1b393c6d7c8a"",""environment"":""6d4d10f8-ef6e-4a33-ba9c-6a725e4554a8"",""service"":""51cba4c8-134f-4e77-9ac9-02d403d57a06"",""deployment"":""21ac7a1d-e3b2-439c-8818-0eb1b69b56b4"",""replica"":""deff1601-8d89-4c9a-aef7-3a613d23deec""}",2026-01-11T05:10:37.020995088Z
"[Leave] ""Shawn"" left F2QQK3","{""level"":""info""}","{""project"":""d4aae26b-9fab-4baa-93f4-1b393c6d7c8a"",""environment"":""6d4d10f8-ef6e-4a33-ba9c-6a725e4554a8"",""service"":""51cba4c8-134f-4e77-9ac9-02d403d57a06"",""deployment"":""21ac7a1d-e3b2-439c-8818-0eb1b69b56b4"",""replica"":""deff1601-8d89-4c9a-aef7-3a613d23deec""}",2026-01-11T05:10:37.021009957Z
[Socket] Connected: smmOIZKqF-gvf2eiAADz,"{""level"":""info""}","{""project"":""d4aae26b-9fab-4baa-93f4-1b393c6d7c8a"",""environment"":""6d4d10f8-ef6e-4a33-ba9c-6a725e4554a8"",""service"":""51cba4c8-134f-4e77-9ac9-02d403d57a06"",""deployment"":""21ac7a1d-e3b2-439c-8818-0eb1b69b56b4"",""replica"":""deff1601-8d89-4c9a-aef7-3a613d23deec""}",2026-01-11T05:48:49.244111753Z
"[Rejoin] ""Shawn"" attempting to rejoin F2QQK3 as host","{""level"":""info""}","{""project"":""d4aae26b-9fab-4baa-93f4-1b393c6d7c8a"",""environment"":""6d4d10f8-ef6e-4a33-ba9c-6a725e4554a8"",""service"":""51cba4c8-134f-4e77-9ac9-02d403d57a06"",""deployment"":""21ac7a1d-e3b2-439c-8818-0eb1b69b56b4"",""replica"":""deff1601-8d89-4c9a-aef7-3a613d23deec""}",2026-01-11T05:48:49.244120902Z
"[Rejoin] ""Shawn"" rejoined F2QQK3 as host","{""level"":""info""}","{""project"":""d4aae26b-9fab-4baa-93f4-1b393c6d7c8a"",""environment"":""6d4d10f8-ef6e-4a33-ba9c-6a725e4554a8"",""service"":""51cba4c8-134f-4e77-9ac9-02d403d57a06"",""deployment"":""21ac7a1d-e3b2-439c-8818-0eb1b69b56b4"",""replica"":""deff1601-8d89-4c9a-aef7-3a613d23deec""}",2026-01-11T05:48:49.244131473Z
[Socket] Disconnected: smmOIZKqF-gvf2eiAADz,"{""level"":""info""}","{""project"":""d4aae26b-9fab-4baa-93f4-1b393c6d7c8a"",""environment"":""6d4d10f8-ef6e-4a33-ba9c-6a725e4554a8"",""service"":""51cba4c8-134f-4e77-9ac9-02d403d57a06"",""deployment"":""21ac7a1d-e3b2-439c-8818-0eb1b69b56b4"",""replica"":""deff1601-8d89-4c9a-aef7-3a613d23deec""}",2026-01-11T05:50:20.267606329Z
"[Leave] ""Shawn"" left F2QQK3","{""level"":""info""}","{""project"":""d4aae26b-9fab-4baa-93f4-1b393c6d7c8a"",""environment"":""6d4d10f8-ef6e-4a33-ba9c-6a725e4554a8"",""service"":""51cba4c8-134f-4e77-9ac9-02d403d57a06"",""deployment"":""21ac7a1d-e3b2-439c-8818-0eb1b69b56b4"",""replica"":""deff1601-8d89-4c9a-aef7-3a613d23deec""}",2026-01-11T05:50:20.267614636Z
[Socket] Connected: lrjKxFxurvUNzJ9MAAD1,"{""level"":""info""}","{""project"":""d4aae26b-9fab-4baa-93f4-1b393c6d7c8a"",""environment"":""6d4d10f8-ef6e-4a33-ba9c-6a725e4554a8"",""service"":""51cba4c8-134f-4e77-9ac9-02d403d57a06"",""deployment"":""21ac7a1d-e3b2-439c-8818-0eb1b69b56b4"",""replica"":""deff1601-8d89-4c9a-aef7-3a613d23deec""}",2026-01-11T06:09:25.900284575Z
"[Rejoin] ""Shawn"" attempting to rejoin F2QQK3 as host","{""level"":""info""}","{""project"":""d4aae26b-9fab-4baa-93f4-1b393c6d7c8a"",""environment"":""6d4d10f8-ef6e-4a33-ba9c-6a725e4554a8"",""service"":""51cba4c8-134f-4e77-9ac9-02d403d57a06"",""deployment"":""21ac7a1d-e3b2-439c-8818-0eb1b69b56b4"",""replica"":""deff1601-8d89-4c9a-aef7-3a613d23deec""}",2026-01-11T06:09:25.900293457Z
"[Rejoin] ""Shawn"" rejoined F2QQK3 as host","{""level"":""info""}","{""project"":""d4aae26b-9fab-4baa-93f4-1b393c6d7c8a"",""environment"":""6d4d10f8-ef6e-4a33-ba9c-6a725e4554a8"",""service"":""51cba4c8-134f-4e77-9ac9-02d403d57a06"",""deployment"":""21ac7a1d-e3b2-439c-8818-0eb1b69b56b4"",""replica"":""deff1601-8d89-4c9a-aef7-3a613d23deec""}",2026-01-11T06:09:25.900301945Z
[Socket] Disconnected: lrjKxFxurvUNzJ9MAAD1,"{""level"":""info""}","{""project"":""d4aae26b-9fab-4baa-93f4-1b393c6d7c8a"",""environment"":""6d4d10f8-ef6e-4a33-ba9c-6a725e4554a8"",""service"":""51cba4c8-134f-4e77-9ac9-02d403d57a06"",""deployment"":""21ac7a1d-e3b2-439c-8818-0eb1b69b56b4"",""replica"":""deff1601-8d89-4c9a-aef7-3a613d23deec""}",2026-01-11T06:10:26.155450769Z
"[Leave] ""Shawn"" left F2QQK3","{""level"":""info""}","{""project"":""d4aae26b-9fab-4baa-93f4-1b393c6d7c8a"",""environment"":""6d4d10f8-ef6e-4a33-ba9c-6a725e4554a8"",""service"":""51cba4c8-134f-4e77-9ac9-02d403d57a06"",""deployment"":""21ac7a1d-e3b2-439c-8818-0eb1b69b56b4"",""replica"":""deff1601-8d89-4c9a-aef7-3a613d23deec""}",2026-01-11T06:10:26.155460322Z
[Socket] Connected: fSM5AbxA2ulHgSxAAAD3,"{""level"":""info""}","{""project"":""d4aae26b-9fab-4baa-93f4-1b393c6d7c8a"",""environment"":""6d4d10f8-ef6e-4a33-ba9c-6a725e4554a8"",""service"":""51cba4c8-134f-4e77-9ac9-02d403d57a06"",""deployment"":""21ac7a1d-e3b2-439c-8818-0eb1b69b56b4"",""replica"":""deff1601-8d89-4c9a-aef7-3a613d23deec""}",2026-01-11T06:22:15.171398925Z
"[Rejoin] ""Shawn"" attempting to rejoin F2QQK3 as host","{""level"":""info""}","{""project"":""d4aae26b-9fab-4baa-93f4-1b393c6d7c8a"",""environment"":""6d4d10f8-ef6e-4a33-ba9c-6a725e4554a8"",""service"":""51cba4c8-134f-4e77-9ac9-02d403d57a06"",""deployment"":""21ac7a1d-e3b2-439c-8818-0eb1b69b56b4"",""replica"":""deff1601-8d89-4c9a-aef7-3a613d23deec""}",2026-01-11T06:22:15.171406386Z
"[Rejoin] ""Shawn"" rejoined F2QQK3 as host","{""level"":""info""}","{""project"":""d4aae26b-9fab-4baa-93f4-1b393c6d7c8a"",""environment"":""6d4d10f8-ef6e-4a33-ba9c-6a725e4554a8"",""service"":""51cba4c8-134f-4e77-9ac9-02d403d57a06"",""deployment"":""21ac7a1d-e3b2-439c-8818-0eb1b69b56b4"",""replica"":""deff1601-8d89-4c9a-aef7-3a613d23deec""}",2026-01-11T06:22:15.171414200Z
[Socket] Disconnected: fSM5AbxA2ulHgSxAAAD3,"{""level"":""info""}","{""project"":""d4aae26b-9fab-4baa-93f4-1b393c6d7c8a"",""environment"":""6d4d10f8-ef6e-4a33-ba9c-6a725e4554a8"",""service"":""51cba4c8-134f-4e77-9ac9-02d403d57a06"",""deployment"":""21ac7a1d-e3b2-439c-8818-0eb1b69b56b4"",""replica"":""deff1601-8d89-4c9a-aef7-3a613d23deec""}",2026-01-11T06:22:55.234374244Z
"[Leave] ""Shawn"" left F2QQK3","{""level"":""info""}","{""project"":""d4aae26b-9fab-4baa-93f4-1b393c6d7c8a"",""environment"":""6d4d10f8-ef6e-4a33-ba9c-6a725e4554a8"",""service"":""51cba4c8-134f-4e77-9ac9-02d403d57a06"",""deployment"":""21ac7a1d-e3b2-439c-8818-0eb1b69b56b4"",""replica"":""deff1601-8d89-4c9a-aef7-3a613d23deec""}",2026-01-11T06:22:55.234386291Z
[Socket] Connected: WkNAOZ_lR3jvM4kjAAD5,"{""level"":""info""}","{""project"":""d4aae26b-9fab-4baa-93f4-1b393c6d7c8a"",""environment"":""6d4d10f8-ef6e-4a33-ba9c-6a725e4554a8"",""service"":""51cba4c8-134f-4e77-9ac9-02d403d57a06"",""deployment"":""21ac7a1d-e3b2-439c-8818-0eb1b69b56b4"",""replica"":""deff1601-8d89-4c9a-aef7-3a613d23deec""}",2026-01-11T06:29:21.159287472Z
"[Rejoin] ""Shawn"" attempting to rejoin F2QQK3 as host","{""level"":""info""}","{""project"":""d4aae26b-9fab-4baa-93f4-1b393c6d7c8a"",""environment"":""6d4d10f8-ef6e-4a33-ba9c-6a725e4554a8"",""service"":""51cba4c8-134f-4e77-9ac9-02d403d57a06"",""deployment"":""21ac7a1d-e3b2-439c-8818-0eb1b69b56b4"",""replica"":""deff1601-8d89-4c9a-aef7-3a613d23deec""}",2026-01-11T06:29:21.159296479Z
"[Rejoin] ""Shawn"" rejoined F2QQK3 as host","{""level"":""info""}","{""project"":""d4aae26b-9fab-4baa-93f4-1b393c6d7c8a"",""environment"":""6d4d10f8-ef6e-4a33-ba9c-6a725e4554a8"",""service"":""51cba4c8-134f-4e77-9ac9-02d403d57a06"",""deployment"":""21ac7a1d-e3b2-439c-8818-0eb1b69b56b4"",""replica"":""deff1601-8d89-4c9a-aef7-3a613d23deec""}",2026-01-11T06:29:21.159306268Z
[Socket] Disconnected: WkNAOZ_lR3jvM4kjAAD5,"{""level"":""info""}","{""project"":""d4aae26b-9fab-4baa-93f4-1b393c6d7c8a"",""environment"":""6d4d10f8-ef6e-4a33-ba9c-6a725e4554a8"",""service"":""51cba4c8-134f-4e77-9ac9-02d403d57a06"",""deployment"":""21ac7a1d-e3b2-439c-8818-0eb1b69b56b4"",""replica"":""deff1601-8d89-4c9a-aef7-3a613d23deec""}",2026-01-11T06:30:01.175952794Z
"[Leave] ""Shawn"" left F2QQK3","{""level"":""info""}","{""project"":""d4aae26b-9fab-4baa-93f4-1b393c6d7c8a"",""environment"":""6d4d10f8-ef6e-4a33-ba9c-6a725e4554a8"",""service"":""51cba4c8-134f-4e77-9ac9-02d403d57a06"",""deployment"":""21ac7a1d-e3b2-439c-8818-0eb1b69b56b4"",""replica"":""deff1601-8d89-4c9a-aef7-3a613d23deec""}",2026-01-11T06:30:01.175965809Z
[Socket] Connected: 51uhEzARGXllfzK4AAD7,"{""level"":""info""}","{""project"":""d4aae26b-9fab-4baa-93f4-1b393c6d7c8a"",""environment"":""6d4d10f8-ef6e-4a33-ba9c-6a725e4554a8"",""service"":""51cba4c8-134f-4e77-9ac9-02d403d57a06"",""deployment"":""21ac7a1d-e3b2-439c-8818-0eb1b69b56b4"",""replica"":""deff1601-8d89-4c9a-aef7-3a613d23deec""}",2026-01-11T06:52:15.386444746Z
"[Rejoin] ""Shawn"" attempting to rejoin F2QQK3 as host","{""level"":""info""}","{""project"":""d4aae26b-9fab-4baa-93f4-1b393c6d7c8a"",""environment"":""6d4d10f8-ef6e-4a33-ba9c-6a725e4554a8"",""service"":""51cba4c8-134f-4e77-9ac9-02d403d57a06"",""deployment"":""21ac7a1d-e3b2-439c-8818-0eb1b69b56b4"",""replica"":""deff1601-8d89-4c9a-aef7-3a613d23deec""}",2026-01-11T06:52:15.386452845Z
"[Rejoin] ""Shawn"" rejoined F2QQK3 as host","{""level"":""info""}","{""project"":""d4aae26b-9fab-4baa-93f4-1b393c6d7c8a"",""environment"":""6d4d10f8-ef6e-4a33-ba9c-6a725e4554a8"",""service"":""51cba4c8-134f-4e77-9ac9-02d403d57a06"",""deployment"":""21ac7a1d-e3b2-439c-8818-0eb1b69b56b4"",""replica"":""deff1601-8d89-4c9a-aef7-3a613d23deec""}",2026-01-11T06:52:15.386461185Z
[Socket] Disconnected: 51uhEzARGXllfzK4AAD7,"{""level"":""info""}","{""project"":""d4aae26b-9fab-4baa-93f4-1b393c6d7c8a"",""environment"":""6d4d10f8-ef6e-4a33-ba9c-6a725e4554a8"",""service"":""51cba4c8-134f-4e77-9ac9-02d403d57a06"",""deployment"":""21ac7a1d-e3b2-439c-8818-0eb1b69b56b4"",""replica"":""deff1601-8d89-4c9a-aef7-3a613d23deec""}",2026-01-11T06:52:55.229651469Z
"[Leave] ""Shawn"" left F2QQK3","{""level"":""info""}","{""project"":""d4aae26b-9fab-4baa-93f4-1b393c6d7c8a"",""environment"":""6d4d10f8-ef6e-4a33-ba9c-6a725e4554a8"",""service"":""51cba4c8-134f-4e77-9ac9-02d403d57a06"",""deployment"":""21ac7a1d-e3b2-439c-8818-0eb1b69b56b4"",""replica"":""deff1601-8d89-4c9a-aef7-3a613d23deec""}",2026-01-11T06:52:55.229662932Z
[Socket] Connected: OjlA13-Zz3lIgyErAAD9,"{""level"":""info""}","{""project"":""d4aae26b-9fab-4baa-93f4-1b393c6d7c8a"",""environment"":""6d4d10f8-ef6e-4a33-ba9c-6a725e4554a8"",""service"":""51cba4c8-134f-4e77-9ac9-02d403d57a06"",""deployment"":""21ac7a1d-e3b2-439c-8818-0eb1b69b56b4"",""replica"":""deff1601-8d89-4c9a-aef7-3a613d23deec""}",2026-01-11T09:22:46.838618511Z
"[Rejoin] ""Shawn"" attempting to rejoin F2QQK3 as host","{""level"":""info""}","{""project"":""d4aae26b-9fab-4baa-93f4-1b393c6d7c8a"",""environment"":""6d4d10f8-ef6e-4a33-ba9c-6a725e4554a8"",""service"":""51cba4c8-134f-4e77-9ac9-02d403d57a06"",""deployment"":""21ac7a1d-e3b2-439c-8818-0eb1b69b56b4"",""replica"":""deff1601-8d89-4c9a-aef7-3a613d23deec""}",2026-01-11T09:22:46.838630589Z
"[Rejoin] ""Shawn"" rejoined F2QQK3 as host","{""level"":""info""}","{""project"":""d4aae26b-9fab-4baa-93f4-1b393c6d7c8a"",""environment"":""6d4d10f8-ef6e-4a33-ba9c-6a725e4554a8"",""service"":""51cba4c8-134f-4e77-9ac9-02d403d57a06"",""deployment"":""21ac7a1d-e3b2-439c-8818-0eb1b69b56b4"",""replica"":""deff1601-8d89-4c9a-aef7-3a613d23deec""}",2026-01-11T09:22:46.838638279Z
[Socket] Disconnected: OjlA13-Zz3lIgyErAAD9,"{""level"":""info""}","{""project"":""d4aae26b-9fab-4baa-93f4-1b393c6d7c8a"",""environment"":""6d4d10f8-ef6e-4a33-ba9c-6a725e4554a8"",""service"":""51cba4c8-134f-4e77-9ac9-02d403d57a06"",""deployment"":""21ac7a1d-e3b2-439c-8818-0eb1b69b56b4"",""replica"":""deff1601-8d89-4c9a-aef7-3a613d23deec""}",2026-01-11T09:23:57.105369129Z
"[Leave] ""Shawn"" left F2QQK3","{""level"":""info""}","{""project"":""d4aae26b-9fab-4baa-93f4-1b393c6d7c8a"",""environment"":""6d4d10f8-ef6e-4a33-ba9c-6a725e4554a8"",""service"":""51cba4c8-134f-4e77-9ac9-02d403d57a06"",""deployment"":""21ac7a1d-e3b2-439c-8818-0eb1b69b56b4"",""replica"":""deff1601-8d89-4c9a-aef7-3a613d23deec""}",2026-01-11T09:23:57.105378606Z
[Socket] Connected: 9F0WynMPyuLC_L5fAAD_,"{""level"":""info""}","{""project"":""d4aae26b-9fab-4baa-93f4-1b393c6d7c8a"",""environment"":""6d4d10f8-ef6e-4a33-ba9c-6a725e4554a8"",""service"":""51cba4c8-134f-4e77-9ac9-02d403d57a06"",""deployment"":""21ac7a1d-e3b2-439c-8818-0eb1b69b56b4"",""replica"":""deff1601-8d89-4c9a-aef7-3a613d23deec""}",2026-01-11T09:49:45.901659288Z
"[Rejoin] ""Shawn"" attempting to rejoin F2QQK3 as host","{""level"":""info""}","{""project"":""d4aae26b-9fab-4baa-93f4-1b393c6d7c8a"",""environment"":""6d4d10f8-ef6e-4a33-ba9c-6a725e4554a8"",""service"":""51cba4c8-134f-4e77-9ac9-02d403d57a06"",""deployment"":""21ac7a1d-e3b2-439c-8818-0eb1b69b56b4"",""replica"":""deff1601-8d89-4c9a-aef7-3a613d23deec""}",2026-01-11T09:49:45.901667965Z
"[Rejoin] ""Shawn"" rejoined F2QQK3 as host","{""level"":""info""}","{""project"":""d4aae26b-9fab-4baa-93f4-1b393c6d7c8a"",""environment"":""6d4d10f8-ef6e-4a33-ba9c-6a725e4554a8"",""service"":""51cba4c8-134f-4e77-9ac9-02d403d57a06"",""deployment"":""21ac7a1d-e3b2-439c-8818-0eb1b69b56b4"",""replica"":""deff1601-8d89-4c9a-aef7-3a613d23deec""}",2026-01-11T09:49:45.901675708Z
[Socket] Disconnected: 9F0WynMPyuLC_L5fAAD_,"{""level"":""info""}","{""project"":""d4aae26b-9fab-4baa-93f4-1b393c6d7c8a"",""environment"":""6d4d10f8-ef6e-4a33-ba9c-6a725e4554a8"",""service"":""51cba4c8-134f-4e77-9ac9-02d403d57a06"",""deployment"":""21ac7a1d-e3b2-439c-8818-0eb1b69b56b4"",""replica"":""deff1601-8d89-4c9a-aef7-3a613d23deec""}",2026-01-11T09:50:46.250023906Z
"[Leave] ""Shawn"" left F2QQK3","{""level"":""info""}","{""project"":""d4aae26b-9fab-4baa-93f4-1b393c6d7c8a"",""environment"":""6d4d10f8-ef6e-4a33-ba9c-6a725e4554a8"",""service"":""51cba4c8-134f-4e77-9ac9-02d403d57a06"",""deployment"":""21ac7a1d-e3b2-439c-8818-0eb1b69b56b4"",""replica"":""deff1601-8d89-4c9a-aef7-3a613d23deec""}",2026-01-11T09:50:46.250032231Z
[Socket] Connected: _Mu89lP4Fdwk1OSVAAEB,"{""level"":""info""}","{""project"":""d4aae26b-9fab-4baa-93f4-1b393c6d7c8a"",""environment"":""6d4d10f8-ef6e-4a33-ba9c-6a725e4554a8"",""service"":""51cba4c8-134f-4e77-9ac9-02d403d57a06"",""deployment"":""21ac7a1d-e3b2-439c-8818-0eb1b69b56b4"",""replica"":""deff1601-8d89-4c9a-aef7-3a613d23deec""}",2026-01-11T09:53:57.883972280Z
"[Rejoin] ""Shawn"" attempting to rejoin F2QQK3 as host","{""level"":""info""}","{""project"":""d4aae26b-9fab-4baa-93f4-1b393c6d7c8a"",""environment"":""6d4d10f8-ef6e-4a33-ba9c-6a725e4554a8"",""service"":""51cba4c8-134f-4e77-9ac9-02d403d57a06"",""deployment"":""21ac7a1d-e3b2-439c-8818-0eb1b69b56b4"",""replica"":""deff1601-8d89-4c9a-aef7-3a613d23deec""}",2026-01-11T09:53:57.883979743Z
"[Rejoin] ""Shawn"" rejoined F2QQK3 as host","{""level"":""info""}","{""project"":""d4aae26b-9fab-4baa-93f4-1b393c6d7c8a"",""environment"":""6d4d10f8-ef6e-4a33-ba9c-6a725e4554a8"",""service"":""51cba4c8-134f-4e77-9ac9-02d403d57a06"",""deployment"":""21ac7a1d-e3b2-439c-8818-0eb1b69b56b4"",""replica"":""deff1601-8d89-4c9a-aef7-3a613d23deec""}",2026-01-11T09:53:57.883987303Z
[Socket] Disconnected: _Mu89lP4Fdwk1OSVAAEB,"{""level"":""info""}","{""project"":""d4aae26b-9fab-4baa-93f4-1b393c6d7c8a"",""environment"":""6d4d10f8-ef6e-4a33-ba9c-6a725e4554a8"",""service"":""51cba4c8-134f-4e77-9ac9-02d403d57a06"",""deployment"":""21ac7a1d-e3b2-439c-8818-0eb1b69b56b4"",""replica"":""deff1601-8d89-4c9a-aef7-3a613d23deec""}",2026-01-11T09:54:38.029705061Z
"[Leave] ""Shawn"" left F2QQK3","{""level"":""info""}","{""project"":""d4aae26b-9fab-4baa-93f4-1b393c6d7c8a"",""environment"":""6d4d10f8-ef6e-4a33-ba9c-6a725e4554a8"",""service"":""51cba4c8-134f-4e77-9ac9-02d403d57a06"",""deployment"":""21ac7a1d-e3b2-439c-8818-0eb1b69b56b4"",""replica"":""deff1601-8d89-4c9a-aef7-3a613d23deec""}",2026-01-11T09:54:38.029713126Z
[Socket] Connected: xqQQERG-nkV6hkiEAAED,"{""level"":""info""}","{""project"":""d4aae26b-9fab-4baa-93f4-1b393c6d7c8a"",""environment"":""6d4d10f8-ef6e-4a33-ba9c-6a725e4554a8"",""service"":""51cba4c8-134f-4e77-9ac9-02d403d57a06"",""deployment"":""21ac7a1d-e3b2-439c-8818-0eb1b69b56b4"",""replica"":""deff1601-8d89-4c9a-aef7-3a613d23deec""}",2026-01-11T10:18:03.875133571Z
"[Rejoin] ""Shawn"" attempting to rejoin F2QQK3 as host","{""level"":""info""}","{""project"":""d4aae26b-9fab-4baa-93f4-1b393c6d7c8a"",""environment"":""6d4d10f8-ef6e-4a33-ba9c-6a725e4554a8"",""service"":""51cba4c8-134f-4e77-9ac9-02d403d57a06"",""deployment"":""21ac7a1d-e3b2-439c-8818-0eb1b69b56b4"",""replica"":""deff1601-8d89-4c9a-aef7-3a613d23deec""}",2026-01-11T10:18:03.875147989Z
"[Rejoin] ""Shawn"" rejoined F2QQK3 as host","{""level"":""info""}","{""project"":""d4aae26b-9fab-4baa-93f4-1b393c6d7c8a"",""environment"":""6d4d10f8-ef6e-4a33-ba9c-6a725e4554a8"",""service"":""51cba4c8-134f-4e77-9ac9-02d403d57a06"",""deployment"":""21ac7a1d-e3b2-439c-8818-0eb1b69b56b4"",""replica"":""deff1601-8d89-4c9a-aef7-3a613d23deec""}",2026-01-11T10:18:03.875157917Z
[Socket] Disconnected: xqQQERG-nkV6hkiEAAED,"{""level"":""info""}","{""project"":""d4aae26b-9fab-4baa-93f4-1b393c6d7c8a"",""environment"":""6d4d10f8-ef6e-4a33-ba9c-6a725e4554a8"",""service"":""51cba4c8-134f-4e77-9ac9-02d403d57a06"",""deployment"":""21ac7a1d-e3b2-439c-8818-0eb1b69b56b4"",""replica"":""deff1601-8d89-4c9a-aef7-3a613d23deec""}",2026-01-11T10:20:25.331240170Z
"[Leave] ""Shawn"" left F2QQK3","{""level"":""info""}","{""project"":""d4aae26b-9fab-4baa-93f4-1b393c6d7c8a"",""environment"":""6d4d10f8-ef6e-4a33-ba9c-6a725e4554a8"",""service"":""51cba4c8-134f-4e77-9ac9-02d403d57a06"",""deployment"":""21ac7a1d-e3b2-439c-8818-0eb1b69b56b4"",""replica"":""deff1601-8d89-4c9a-aef7-3a613d23deec""}",2026-01-11T10:20:25.331248819Z
[Socket] Connected: M-jQcVh0h7PrpS5XAAEF,"{""level"":""info""}","{""project"":""d4aae26b-9fab-4baa-93f4-1b393c6d7c8a"",""environment"":""6d4d10f8-ef6e-4a33-ba9c-6a725e4554a8"",""service"":""51cba4c8-134f-4e77-9ac9-02d403d57a06"",""deployment"":""21ac7a1d-e3b2-439c-8818-0eb1b69b56b4"",""replica"":""deff1601-8d89-4c9a-aef7-3a613d23deec""}",2026-01-11T12:00:34.082117195Z
"[Rejoin] ""Shawn"" attempting to rejoin F2QQK3 as host","{""level"":""info""}","{""project"":""d4aae26b-9fab-4baa-93f4-1b393c6d7c8a"",""environment"":""6d4d10f8-ef6e-4a33-ba9c-6a725e4554a8"",""service"":""51cba4c8-134f-4e77-9ac9-02d403d57a06"",""deployment"":""21ac7a1d-e3b2-439c-8818-0eb1b69b56b4"",""replica"":""deff1601-8d89-4c9a-aef7-3a613d23deec""}",2026-01-11T12:00:34.082127078Z
"[Rejoin] ""Shawn"" rejoined F2QQK3 as host","{""level"":""info""}","{""project"":""d4aae26b-9fab-4baa-93f4-1b393c6d7c8a"",""environment"":""6d4d10f8-ef6e-4a33-ba9c-6a725e4554a8"",""service"":""51cba4c8-134f-4e77-9ac9-02d403d57a06"",""deployment"":""21ac7a1d-e3b2-439c-8818-0eb1b69b56b4"",""replica"":""deff1601-8d89-4c9a-aef7-3a613d23deec""}",2026-01-11T12:00:34.082135714Z
[Socket] Disconnected: M-jQcVh0h7PrpS5XAAEF,"{""level"":""info""}","{""project"":""d4aae26b-9fab-4baa-93f4-1b393c6d7c8a"",""environment"":""6d4d10f8-ef6e-4a33-ba9c-6a725e4554a8"",""service"":""51cba4c8-134f-4e77-9ac9-02d403d57a06"",""deployment"":""21ac7a1d-e3b2-439c-8818-0eb1b69b56b4"",""replica"":""deff1601-8d89-4c9a-aef7-3a613d23deec""}",2026-01-11T12:01:44.518769427Z
"[Leave] ""Shawn"" left F2QQK3","{""level"":""info""}","{""project"":""d4aae26b-9fab-4baa-93f4-1b393c6d7c8a"",""environment"":""6d4d10f8-ef6e-4a33-ba9c-6a725e4554a8"",""service"":""51cba4c8-134f-4e77-9ac9-02d403d57a06"",""deployment"":""21ac7a1d-e3b2-439c-8818-0eb1b69b56b4"",""replica"":""deff1601-8d89-4c9a-aef7-3a613d23deec""}",2026-01-11T12:01:44.518778767Z
[Socket] Connected: 9nwWzA4FzBZ0CXa-AAEH,"{""level"":""info""}","{""project"":""d4aae26b-9fab-4baa-93f4-1b393c6d7c8a"",""environment"":""6d4d10f8-ef6e-4a33-ba9c-6a725e4554a8"",""service"":""51cba4c8-134f-4e77-9ac9-02d403d57a06"",""deployment"":""21ac7a1d-e3b2-439c-8818-0eb1b69b56b4"",""replica"":""deff1601-8d89-4c9a-aef7-3a613d23deec""}",2026-01-11T12:23:43.561803447Z
[Socket] Disconnected: 9nwWzA4FzBZ0CXa-AAEH,"{""level"":""info""}","{""project"":""d4aae26b-9fab-4baa-93f4-1b393c6d7c8a"",""environment"":""6d4d10f8-ef6e-4a33-ba9c-6a725e4554a8"",""service"":""51cba4c8-134f-4e77-9ac9-02d403d57a06"",""deployment"":""21ac7a1d-e3b2-439c-8818-0eb1b69b56b4"",""replica"":""deff1601-8d89-4c9a-aef7-3a613d23deec""}",2026-01-11T12:24:03.664041856Z
[Socket] Connected: hvsNDI5qZhnwG1nzAAEJ,"{""level"":""info""}","{""project"":""d4aae26b-9fab-4baa-93f4-1b393c6d7c8a"",""environment"":""6d4d10f8-ef6e-4a33-ba9c-6a725e4554a8"",""service"":""51cba4c8-134f-4e77-9ac9-02d403d57a06"",""deployment"":""21ac7a1d-e3b2-439c-8818-0eb1b69b56b4"",""replica"":""deff1601-8d89-4c9a-aef7-3a613d23deec""}",2026-01-11T12:24:11.472643249Z
"[Join] ""Shawn"" attempting to join F2QQK3","{""level"":""info""}","{""project"":""d4aae26b-9fab-4baa-93f4-1b393c6d7c8a"",""environment"":""6d4d10f8-ef6e-4a33-ba9c-6a725e4554a8"",""service"":""51cba4c8-134f-4e77-9ac9-02d403d57a06"",""deployment"":""21ac7a1d-e3b2-439c-8818-0eb1b69b56b4"",""replica"":""deff1601-8d89-4c9a-aef7-3a613d23deec""}",2026-01-11T12:24:31.068641784Z
"[Join] ""Shawn"" joined F2QQK3 as player mk900a9tfkgbxhf5p","{""level"":""info""}","{""project"":""d4aae26b-9fab-4baa-93f4-1b393c6d7c8a"",""environment"":""6d4d10f8-ef6e-4a33-ba9c-6a725e4554a8"",""service"":""51cba4c8-134f-4e77-9ac9-02d403d57a06"",""deployment"":""21ac7a1d-e3b2-439c-8818-0eb1b69b56b4"",""replica"":""deff1601-8d89-4c9a-aef7-3a613d23deec""}",2026-01-11T12:24:31.068657186Z
[Socket] Disconnected: hvsNDI5qZhnwG1nzAAEJ,"{""level"":""info""}","{""project"":""d4aae26b-9fab-4baa-93f4-1b393c6d7c8a"",""environment"":""6d4d10f8-ef6e-4a33-ba9c-6a725e4554a8"",""service"":""51cba4c8-134f-4e77-9ac9-02d403d57a06"",""deployment"":""21ac7a1d-e3b2-439c-8818-0eb1b69b56b4"",""replica"":""deff1601-8d89-4c9a-aef7-3a613d23deec""}",2026-01-11T12:25:21.346976345Z
"[Leave] ""Shawn"" left F2QQK3","{""level"":""info""}","{""project"":""d4aae26b-9fab-4baa-93f4-1b393c6d7c8a"",""environment"":""6d4d10f8-ef6e-4a33-ba9c-6a725e4554a8"",""service"":""51cba4c8-134f-4e77-9ac9-02d403d57a06"",""deployment"":""21ac7a1d-e3b2-439c-8818-0eb1b69b56b4"",""replica"":""deff1601-8d89-4c9a-aef7-3a613d23deec""}",2026-01-11T12:25:21.346992623Z
[Socket] Connected: -xgrlrvpv6u7F7S4AAEL,"{""level"":""info""}","{""project"":""d4aae26b-9fab-4baa-93f4-1b393c6d7c8a"",""environment"":""6d4d10f8-ef6e-4a33-ba9c-6a725e4554a8"",""service"":""51cba4c8-134f-4e77-9ac9-02d403d57a06"",""deployment"":""21ac7a1d-e3b2-439c-8818-0eb1b69b56b4"",""replica"":""deff1601-8d89-4c9a-aef7-3a613d23deec""}",2026-01-11T12:31:34.895673479Z
"[Rejoin] ""Shawn"" attempting to rejoin F2QQK3 as host","{""level"":""info""}","{""project"":""d4aae26b-9fab-4baa-93f4-1b393c6d7c8a"",""environment"":""6d4d10f8-ef6e-4a33-ba9c-6a725e4554a8"",""service"":""51cba4c8-134f-4e77-9ac9-02d403d57a06"",""deployment"":""21ac7a1d-e3b2-439c-8818-0eb1b69b56b4"",""replica"":""deff1601-8d89-4c9a-aef7-3a613d23deec""}",2026-01-11T12:31:34.895691406Z
"[Rejoin] ""Shawn"" rejoined F2QQK3 as host","{""level"":""info""}","{""project"":""d4aae26b-9fab-4baa-93f4-1b393c6d7c8a"",""environment"":""6d4d10f8-ef6e-4a33-ba9c-6a725e4554a8"",""service"":""51cba4c8-134f-4e77-9ac9-02d403d57a06"",""deployment"":""21ac7a1d-e3b2-439c-8818-0eb1b69b56b4"",""replica"":""deff1601-8d89-4c9a-aef7-3a613d23deec""}",2026-01-11T12:31:34.895701104Z
[Socket] Disconnected: -xgrlrvpv6u7F7S4AAEL,"{""level"":""info""}","{""project"":""d4aae26b-9fab-4baa-93f4-1b393c6d7c8a"",""environment"":""6d4d10f8-ef6e-4a33-ba9c-6a725e4554a8"",""service"":""51cba4c8-134f-4e77-9ac9-02d403d57a06"",""deployment"":""21ac7a1d-e3b2-439c-8818-0eb1b69b56b4"",""replica"":""deff1601-8d89-4c9a-aef7-3a613d23deec""}",2026-01-11T12:32:15.259069442Z
"[Leave] ""Shawn"" left F2QQK3","{""level"":""info""}","{""project"":""d4aae26b-9fab-4baa-93f4-1b393c6d7c8a"",""environment"":""6d4d10f8-ef6e-4a33-ba9c-6a725e4554a8"",""service"":""51cba4c8-134f-4e77-9ac9-02d403d57a06"",""deployment"":""21ac7a1d-e3b2-439c-8818-0eb1b69b56b4"",""replica"":""deff1601-8d89-4c9a-aef7-3a613d23deec""}",2026-01-11T12:32:15.259077317Z
[Socket] Connected: cHPCw2IPyHYY1kOKAAEN,"{""level"":""info""}","{""project"":""d4aae26b-9fab-4baa-93f4-1b393c6d7c8a"",""environment"":""6d4d10f8-ef6e-4a33-ba9c-6a725e4554a8"",""service"":""51cba4c8-134f-4e77-9ac9-02d403d57a06"",""deployment"":""21ac7a1d-e3b2-439c-8818-0eb1b69b56b4"",""replica"":""deff1601-8d89-4c9a-aef7-3a613d23deec""}",2026-01-11T13:19:41.036765140Z
"[Rejoin] ""Shawn"" attempting to rejoin F2QQK3 as host","{""level"":""info""}","{""project"":""d4aae26b-9fab-4baa-93f4-1b393c6d7c8a"",""environment"":""6d4d10f8-ef6e-4a33-ba9c-6a725e4554a8"",""service"":""51cba4c8-134f-4e77-9ac9-02d403d57a06"",""deployment"":""21ac7a1d-e3b2-439c-8818-0eb1b69b56b4"",""replica"":""deff1601-8d89-4c9a-aef7-3a613d23deec""}",2026-01-11T13:19:41.036774825Z
"[Rejoin] ""Shawn"" rejoined F2QQK3 as host","{""level"":""info""}","{""project"":""d4aae26b-9fab-4baa-93f4-1b393c6d7c8a"",""environment"":""6d4d10f8-ef6e-4a33-ba9c-6a725e4554a8"",""service"":""51cba4c8-134f-4e77-9ac9-02d403d57a06"",""deployment"":""21ac7a1d-e3b2-439c-8818-0eb1b69b56b4"",""replica"":""deff1601-8d89-4c9a-aef7-3a613d23deec""}",2026-01-11T13:19:41.036783500Z
[Socket] Disconnected: cHPCw2IPyHYY1kOKAAEN,"{""level"":""info""}","{""project"":""d4aae26b-9fab-4baa-93f4-1b393c6d7c8a"",""environment"":""6d4d10f8-ef6e-4a33-ba9c-6a725e4554a8"",""service"":""51cba4c8-134f-4e77-9ac9-02d403d57a06"",""deployment"":""21ac7a1d-e3b2-439c-8818-0eb1b69b56b4"",""replica"":""deff1601-8d89-4c9a-aef7-3a613d23deec""}",2026-01-11T13:20:20.988005426Z
"[Leave] ""Shawn"" left F2QQK3","{""level"":""info""}","{""project"":""d4aae26b-9fab-4baa-93f4-1b393c6d7c8a"",""environment"":""6d4d10f8-ef6e-4a33-ba9c-6a725e4554a8"",""service"":""51cba4c8-134f-4e77-9ac9-02d403d57a06"",""deployment"":""21ac7a1d-e3b2-439c-8818-0eb1b69b56b4"",""replica"":""deff1601-8d89-4c9a-aef7-3a613d23deec""}",2026-01-11T13:20:20.988013654Z
[Socket] Connected: 5U3642HxRnNI-BRSAAEP,"{""level"":""info""}","{""project"":""d4aae26b-9fab-4baa-93f4-1b393c6d7c8a"",""environment"":""6d4d10f8-ef6e-4a33-ba9c-6a725e4554a8"",""service"":""51cba4c8-134f-4e77-9ac9-02d403d57a06"",""deployment"":""21ac7a1d-e3b2-439c-8818-0eb1b69b56b4"",""replica"":""deff1601-8d89-4c9a-aef7-3a613d23deec""}",2026-01-11T13:23:12.020619827Z
"[Rejoin] ""Shawn"" attempting to rejoin F2QQK3 as player","{""level"":""info""}","{""project"":""d4aae26b-9fab-4baa-93f4-1b393c6d7c8a"",""environment"":""6d4d10f8-ef6e-4a33-ba9c-6a725e4554a8"",""service"":""51cba4c8-134f-4e77-9ac9-02d403d57a06"",""deployment"":""21ac7a1d-e3b2-439c-8818-0eb1b69b56b4"",""replica"":""deff1601-8d89-4c9a-aef7-3a613d23deec""}",2026-01-11T13:23:12.020631045Z
"[Rejoin] ""Shawn"" rejoined F2QQK3 as player","{""level"":""info""}","{""project"":""d4aae26b-9fab-4baa-93f4-1b393c6d7c8a"",""environment"":""6d4d10f8-ef6e-4a33-ba9c-6a725e4554a8"",""service"":""51cba4c8-134f-4e77-9ac9-02d403d57a06"",""deployment"":""21ac7a1d-e3b2-439c-8818-0eb1b69b56b4"",""replica"":""deff1601-8d89-4c9a-aef7-3a613d23deec""}",2026-01-11T13:23:12.020639345Z
[Socket] Disconnected: 5U3642HxRnNI-BRSAAEP,"{""level"":""info""}","{""project"":""d4aae26b-9fab-4baa-93f4-1b393c6d7c8a"",""environment"":""6d4d10f8-ef6e-4a33-ba9c-6a725e4554a8"",""service"":""51cba4c8-134f-4e77-9ac9-02d403d57a06"",""deployment"":""21ac7a1d-e3b2-439c-8818-0eb1b69b56b4"",""replica"":""deff1601-8d89-4c9a-aef7-3a613d23deec""}",2026-01-11T13:24:11.612646798Z
"[Leave] ""Shawn"" left F2QQK3","{""level"":""info""}","{""project"":""d4aae26b-9fab-4baa-93f4-1b393c6d7c8a"",""environment"":""6d4d10f8-ef6e-4a33-ba9c-6a725e4554a8"",""service"":""51cba4c8-134f-4e77-9ac9-02d403d57a06"",""deployment"":""21ac7a1d-e3b2-439c-8818-0eb1b69b56b4"",""replica"":""deff1601-8d89-4c9a-aef7-3a613d23deec""}",2026-01-11T13:24:11.612655948Z
[Socket] Connected: ABITObWsi5gYkAR7AAER,"{""level"":""info""}","{""project"":""d4aae26b-9fab-4baa-93f4-1b393c6d7c8a"",""environment"":""6d4d10f8-ef6e-4a33-ba9c-6a725e4554a8"",""service"":""51cba4c8-134f-4e77-9ac9-02d403d57a06"",""deployment"":""21ac7a1d-e3b2-439c-8818-0eb1b69b56b4"",""replica"":""deff1601-8d89-4c9a-aef7-3a613d23deec""}",2026-01-11T13:25:12.413285644Z
"[Rejoin] ""Shawn"" attempting to rejoin F2QQK3 as host","{""level"":""info""}","{""project"":""d4aae26b-9fab-4baa-93f4-1b393c6d7c8a"",""environment"":""6d4d10f8-ef6e-4a33-ba9c-6a725e4554a8"",""service"":""51cba4c8-134f-4e77-9ac9-02d403d57a06"",""deployment"":""21ac7a1d-e3b2-439c-8818-0eb1b69b56b4"",""replica"":""deff1601-8d89-4c9a-aef7-3a613d23deec""}",2026-01-11T13:25:12.460510009Z
"[Rejoin] ""Shawn"" rejoined F2QQK3 as host","{""level"":""info""}","{""project"":""d4aae26b-9fab-4baa-93f4-1b393c6d7c8a"",""environment"":""6d4d10f8-ef6e-4a33-ba9c-6a725e4554a8"",""service"":""51cba4c8-134f-4e77-9ac9-02d403d57a06"",""deployment"":""21ac7a1d-e3b2-439c-8818-0eb1b69b56b4"",""replica"":""deff1601-8d89-4c9a-aef7-3a613d23deec""}",2026-01-11T13:25:12.460521947Z
[Socket] Disconnected: ABITObWsi5gYkAR7AAER,"{""level"":""info""}","{""project"":""d4aae26b-9fab-4baa-93f4-1b393c6d7c8a"",""environment"":""6d4d10f8-ef6e-4a33-ba9c-6a725e4554a8"",""service"":""51cba4c8-134f-4e77-9ac9-02d403d57a06"",""deployment"":""21ac7a1d-e3b2-439c-8818-0eb1b69b56b4"",""replica"":""deff1601-8d89-4c9a-aef7-3a613d23deec""}",2026-01-11T13:26:02.662239061Z
"[Leave] ""Shawn"" left F2QQK3","{""level"":""info""}","{""project"":""d4aae26b-9fab-4baa-93f4-1b393c6d7c8a"",""environment"":""6d4d10f8-ef6e-4a33-ba9c-6a725e4554a8"",""service"":""51cba4c8-134f-4e77-9ac9-02d403d57a06"",""deployment"":""21ac7a1d-e3b2-439c-8818-0eb1b69b56b4"",""replica"":""deff1601-8d89-4c9a-aef7-3a613d23deec""}",2026-01-11T13:26:02.662253508Z
[Socket] Connected: neqBoLLMBskZcPQBAAET,"{""level"":""info""}","{""project"":""d4aae26b-9fab-4baa-93f4-1b393c6d7c8a"",""environment"":""6d4d10f8-ef6e-4a33-ba9c-6a725e4554a8"",""service"":""51cba4c8-134f-4e77-9ac9-02d403d57a06"",""deployment"":""21ac7a1d-e3b2-439c-8818-0eb1b69b56b4"",""replica"":""deff1601-8d89-4c9a-aef7-3a613d23deec""}",2026-01-11T13:26:22.943260227Z
"[Rejoin] ""Shawn"" attempting to rejoin F2QQK3 as host","{""level"":""info""}","{""project"":""d4aae26b-9fab-4baa-93f4-1b393c6d7c8a"",""environment"":""6d4d10f8-ef6e-4a33-ba9c-6a725e4554a8"",""service"":""51cba4c8-134f-4e77-9ac9-02d403d57a06"",""deployment"":""21ac7a1d-e3b2-439c-8818-0eb1b69b56b4"",""replica"":""deff1601-8d89-4c9a-aef7-3a613d23deec""}",2026-01-11T13:26:22.943268367Z
"[Rejoin] ""Shawn"" rejoined F2QQK3 as host","{""level"":""info""}","{""project"":""d4aae26b-9fab-4baa-93f4-1b393c6d7c8a"",""environment"":""6d4d10f8-ef6e-4a33-ba9c-6a725e4554a8"",""service"":""51cba4c8-134f-4e77-9ac9-02d403d57a06"",""deployment"":""21ac7a1d-e3b2-439c-8818-0eb1b69b56b4"",""replica"":""deff1601-8d89-4c9a-aef7-3a613d23deec""}",2026-01-11T13:26:22.943277414Z
[Socket] Disconnected: neqBoLLMBskZcPQBAAET,"{""level"":""info""}","{""project"":""d4aae26b-9fab-4baa-93f4-1b393c6d7c8a"",""environment"":""6d4d10f8-ef6e-4a33-ba9c-6a725e4554a8"",""service"":""51cba4c8-134f-4e77-9ac9-02d403d57a06"",""deployment"":""21ac7a1d-e3b2-439c-8818-0eb1b69b56b4"",""replica"":""deff1601-8d89-4c9a-aef7-3a613d23deec""}",2026-01-11T13:27:02.944532947Z
"[Leave] ""Shawn"" left F2QQK3","{""level"":""info""}","{""project"":""d4aae26b-9fab-4baa-93f4-1b393c6d7c8a"",""environment"":""6d4d10f8-ef6e-4a33-ba9c-6a725e4554a8"",""service"":""51cba4c8-134f-4e77-9ac9-02d403d57a06"",""deployment"":""21ac7a1d-e3b2-439c-8818-0eb1b69b56b4"",""replica"":""deff1601-8d89-4c9a-aef7-3a613d23deec""}",2026-01-11T13:27:02.944540900Z
[Socket] Connected: JgpHxT3yKRWhaCLVAAEV,"{""level"":""info""}","{""project"":""d4aae26b-9fab-4baa-93f4-1b393c6d7c8a"",""environment"":""6d4d10f8-ef6e-4a33-ba9c-6a725e4554a8"",""service"":""51cba4c8-134f-4e77-9ac9-02d403d57a06"",""deployment"":""21ac7a1d-e3b2-439c-8818-0eb1b69b56b4"",""replica"":""deff1601-8d89-4c9a-aef7-3a613d23deec""}",2026-01-11T13:29:44.618439349Z
"[Rejoin] ""Shawn"" attempting to rejoin F2QQK3 as host","{""level"":""info""}","{""project"":""d4aae26b-9fab-4baa-93f4-1b393c6d7c8a"",""environment"":""6d4d10f8-ef6e-4a33-ba9c-6a725e4554a8"",""service"":""51cba4c8-134f-4e77-9ac9-02d403d57a06"",""deployment"":""21ac7a1d-e3b2-439c-8818-0eb1b69b56b4"",""replica"":""deff1601-8d89-4c9a-aef7-3a613d23deec""}",2026-01-11T13:29:44.618452943Z
"[Rejoin] ""Shawn"" rejoined F2QQK3 as host","{""level"":""info""}","{""project"":""d4aae26b-9fab-4baa-93f4-1b393c6d7c8a"",""environment"":""6d4d10f8-ef6e-4a33-ba9c-6a725e4554a8"",""service"":""51cba4c8-134f-4e77-9ac9-02d403d57a06"",""deployment"":""21ac7a1d-e3b2-439c-8818-0eb1b69b56b4"",""replica"":""deff1601-8d89-4c9a-aef7-3a613d23deec""}",2026-01-11T13:29:44.618461695Z
[Socket] Disconnected: JgpHxT3yKRWhaCLVAAEV,"{""level"":""info""}","{""project"":""d4aae26b-9fab-4baa-93f4-1b393c6d7c8a"",""environment"":""6d4d10f8-ef6e-4a33-ba9c-6a725e4554a8"",""service"":""51cba4c8-134f-4e77-9ac9-02d403d57a06"",""deployment"":""21ac7a1d-e3b2-439c-8818-0eb1b69b56b4"",""replica"":""deff1601-8d89-4c9a-aef7-3a613d23deec""}",2026-01-11T13:30:45.256511079Z
"[Leave] ""Shawn"" left F2QQK3","{""level"":""info""}","{""project"":""d4aae26b-9fab-4baa-93f4-1b393c6d7c8a"",""environment"":""6d4d10f8-ef6e-4a33-ba9c-6a725e4554a8"",""service"":""51cba4c8-134f-4e77-9ac9-02d403d57a06"",""deployment"":""21ac7a1d-e3b2-439c-8818-0eb1b69b56b4"",""replica"":""deff1601-8d89-4c9a-aef7-3a613d23deec""}",2026-01-11T13:30:45.256520358Z
[Socket] Connected: Z8B65mnriv_2qcgsAAEX,"{""level"":""info""}","{""project"":""d4aae26b-9fab-4baa-93f4-1b393c6d7c8a"",""environment"":""6d4d10f8-ef6e-4a33-ba9c-6a725e4554a8"",""service"":""51cba4c8-134f-4e77-9ac9-02d403d57a06"",""deployment"":""21ac7a1d-e3b2-439c-8818-0eb1b69b56b4"",""replica"":""deff1601-8d89-4c9a-aef7-3a613d23deec""}",2026-01-11T13:32:35.700231332Z
"[Rejoin] ""Shawn"" attempting to rejoin F2QQK3 as host","{""level"":""info""}","{""project"":""d4aae26b-9fab-4baa-93f4-1b393c6d7c8a"",""environment"":""6d4d10f8-ef6e-4a33-ba9c-6a725e4554a8"",""service"":""51cba4c8-134f-4e77-9ac9-02d403d57a06"",""deployment"":""21ac7a1d-e3b2-439c-8818-0eb1b69b56b4"",""replica"":""deff1601-8d89-4c9a-aef7-3a613d23deec""}",2026-01-11T13:32:35.700245032Z
"[Rejoin] ""Shawn"" rejoined F2QQK3 as host","{""level"":""info""}","{""project"":""d4aae26b-9fab-4baa-93f4-1b393c6d7c8a"",""environment"":""6d4d10f8-ef6e-4a33-ba9c-6a725e4554a8"",""service"":""51cba4c8-134f-4e77-9ac9-02d403d57a06"",""deployment"":""21ac7a1d-e3b2-439c-8818-0eb1b69b56b4"",""replica"":""deff1601-8d89-4c9a-aef7-3a613d23deec""}",2026-01-11T13:32:35.700256234Z
[Socket] Disconnected: Z8B65mnriv_2qcgsAAEX,"{""level"":""info""}","{""project"":""d4aae26b-9fab-4baa-93f4-1b393c6d7c8a"",""environment"":""6d4d10f8-ef6e-4a33-ba9c-6a725e4554a8"",""service"":""51cba4c8-134f-4e77-9ac9-02d403d57a06"",""deployment"":""21ac7a1d-e3b2-439c-8818-0eb1b69b56b4"",""replica"":""deff1601-8d89-4c9a-aef7-3a613d23deec""}",2026-01-11T13:34:27.242225536Z
"[Leave] ""Shawn"" left F2QQK3","{""level"":""info""}","{""project"":""d4aae26b-9fab-4baa-93f4-1b393c6d7c8a"",""environment"":""6d4d10f8-ef6e-4a33-ba9c-6a725e4554a8"",""service"":""51cba4c8-134f-4e77-9ac9-02d403d57a06"",""deployment"":""21ac7a1d-e3b2-439c-8818-0eb1b69b56b4"",""replica"":""deff1601-8d89-4c9a-aef7-3a613d23deec""}",2026-01-11T13:34:27.242237284Z
[Socket] Connected: 0pIGHb8iGIvYQaDhAAEZ,"{""level"":""info""}","{""project"":""d4aae26b-9fab-4baa-93f4-1b393c6d7c8a"",""environment"":""6d4d10f8-ef6e-4a33-ba9c-6a725e4554a8"",""service"":""51cba4c8-134f-4e77-9ac9-02d403d57a06"",""deployment"":""21ac7a1d-e3b2-439c-8818-0eb1b69b56b4"",""replica"":""deff1601-8d89-4c9a-aef7-3a613d23deec""}",2026-01-11T13:34:27.242245355Z
},"{""level"":""error""}","{""project"":""d4aae26b-9fab-4baa-93f4-1b393c6d7c8a"",""environment"":""6d4d10f8-ef6e-4a33-ba9c-6a725e4554a8"",""service"":""51cba4c8-134f-4e77-9ac9-02d403d57a06"",""deployment"":""21ac7a1d-e3b2-439c-8818-0eb1b69b56b4"",""replica"":""deff1601-8d89-4c9a-aef7-3a613d23deec""}",2026-01-11T13:37:50.138034746Z
📦 Archived tournament: January Village 2026 (F2QQK3) - 39.33KB,"{""level"":""info""}","{""project"":""d4aae26b-9fab-4baa-93f4-1b393c6d7c8a"",""environment"":""6d4d10f8-ef6e-4a33-ba9c-6a725e4554a8"",""service"":""51cba4c8-134f-4e77-9ac9-02d403d57a06"",""deployment"":""21ac7a1d-e3b2-439c-8818-0eb1b69b56b4"",""replica"":""deff1601-8d89-4c9a-aef7-3a613d23deec""}",2026-01-11T13:37:50.138051809Z
ValidationError: The 'X-Forwarded-For' header is set but the Express 'trust proxy' setting is false (default). This could indicate a misconfiguration which would prevent express-rate-limit from accurately identifying users. See https://express-rate-limit.github.io/ERR_ERL_UNEXPECTED_X_FORWARDED_FOR/ for more information.,"{""level"":""error""}","{""project"":""d4aae26b-9fab-4baa-93f4-1b393c6d7c8a"",""environment"":""6d4d10f8-ef6e-4a33-ba9c-6a725e4554a8"",""service"":""51cba4c8-134f-4e77-9ac9-02d403d57a06"",""deployment"":""21ac7a1d-e3b2-439c-8818-0eb1b69b56b4"",""replica"":""deff1601-8d89-4c9a-aef7-3a613d23deec""}",2026-01-11T13:37:50.138076069Z
    at Object.xForwardedForHeader (file:///app/node_modules/express-rate-limit/dist/index.mjs:337:13),"{""level"":""error""}","{""project"":""d4aae26b-9fab-4baa-93f4-1b393c6d7c8a"",""environment"":""6d4d10f8-ef6e-4a33-ba9c-6a725e4554a8"",""service"":""51cba4c8-134f-4e77-9ac9-02d403d57a06"",""deployment"":""21ac7a1d-e3b2-439c-8818-0eb1b69b56b4"",""replica"":""deff1601-8d89-4c9a-aef7-3a613d23deec""}",2026-01-11T13:37:50.138088762Z
    at wrappedValidations.<computed> [as xForwardedForHeader] (file:///app/node_modules/express-rate-limit/dist/index.mjs:651:22),"{""level"":""error""}","{""project"":""d4aae26b-9fab-4baa-93f4-1b393c6d7c8a"",""environment"":""6d4d10f8-ef6e-4a33-ba9c-6a725e4554a8"",""service"":""51cba4c8-134f-4e77-9ac9-02d403d57a06"",""deployment"":""21ac7a1d-e3b2-439c-8818-0eb1b69b56b4"",""replica"":""deff1601-8d89-4c9a-aef7-3a613d23deec""}",2026-01-11T13:37:50.138097511Z
    at Object.keyGenerator (file:///app/node_modules/express-rate-limit/dist/index.mjs:754:20),"{""level"":""error""}","{""project"":""d4aae26b-9fab-4baa-93f4-1b393c6d7c8a"",""environment"":""6d4d10f8-ef6e-4a33-ba9c-6a725e4554a8"",""service"":""51cba4c8-134f-4e77-9ac9-02d403d57a06"",""deployment"":""21ac7a1d-e3b2-439c-8818-0eb1b69b56b4"",""replica"":""deff1601-8d89-4c9a-aef7-3a613d23deec""}",2026-01-11T13:37:50.138106215Z
    at file:///app/node_modules/express-rate-limit/dist/index.mjs:815:32,"{""level"":""error""}","{""project"":""d4aae26b-9fab-4baa-93f4-1b393c6d7c8a"",""environment"":""6d4d10f8-ef6e-4a33-ba9c-6a725e4554a8"",""service"":""51cba4c8-134f-4e77-9ac9-02d403d57a06"",""deployment"":""21ac7a1d-e3b2-439c-8818-0eb1b69b56b4"",""replica"":""deff1601-8d89-4c9a-aef7-3a613d23deec""}",2026-01-11T13:37:50.138115073Z
    at process.processTicksAndRejections (node:internal/process/task_queues:95:5),"{""level"":""error""}","{""project"":""d4aae26b-9fab-4baa-93f4-1b393c6d7c8a"",""environment"":""6d4d10f8-ef6e-4a33-ba9c-6a725e4554a8"",""service"":""51cba4c8-134f-4e77-9ac9-02d403d57a06"",""deployment"":""21ac7a1d-e3b2-439c-8818-0eb1b69b56b4"",""replica"":""deff1601-8d89-4c9a-aef7-3a613d23deec""}",2026-01-11T13:37:50.138122430Z
    at async file:///app/node_modules/express-rate-limit/dist/index.mjs:796:5 {,"{""level"":""error""}","{""project"":""d4aae26b-9fab-4baa-93f4-1b393c6d7c8a"",""environment"":""6d4d10f8-ef6e-4a33-ba9c-6a725e4554a8"",""service"":""51cba4c8-134f-4e77-9ac9-02d403d57a06"",""deployment"":""21ac7a1d-e3b2-439c-8818-0eb1b69b56b4"",""replica"":""deff1601-8d89-4c9a-aef7-3a613d23deec""}",2026-01-11T13:37:50.138130219Z
"  code: 'ERR_ERL_UNEXPECTED_X_FORWARDED_FOR',","{""level"":""error""}","{""project"":""d4aae26b-9fab-4baa-93f4-1b393c6d7c8a"",""environment"":""6d4d10f8-ef6e-4a33-ba9c-6a725e4554a8"",""service"":""51cba4c8-134f-4e77-9ac9-02d403d57a06"",""deployment"":""21ac7a1d-e3b2-439c-8818-0eb1b69b56b4"",""replica"":""deff1601-8d89-4c9a-aef7-3a613d23deec""}",2026-01-11T13:37:50.138137862Z
  help: 'https://express-rate-limit.github.io/ERR_ERL_UNEXPECTED_X_FORWARDED_FOR/',"{""level"":""error""}","{""project"":""d4aae26b-9fab-4baa-93f4-1b393c6d7c8a"",""environment"":""6d4d10f8-ef6e-4a33-ba9c-6a725e4554a8"",""service"":""51cba4c8-134f-4e77-9ac9-02d403d57a06"",""deployment"":""21ac7a1d-e3b2-439c-8818-0eb1b69b56b4"",""replica"":""deff1601-8d89-4c9a-aef7-3a613d23deec""}",2026-01-11T13:37:50.138145672Z
[Socket] Connected: IZGsXaRRPOwTF1XhAAEb,"{""level"":""info""}","{""project"":""d4aae26b-9fab-4baa-93f4-1b393c6d7c8a"",""environment"":""6d4d10f8-ef6e-4a33-ba9c-6a725e4554a8"",""service"":""51cba4c8-134f-4e77-9ac9-02d403d57a06"",""deployment"":""21ac7a1d-e3b2-439c-8818-0eb1b69b56b4"",""replica"":""deff1601-8d89-4c9a-aef7-3a613d23deec""}",2026-01-11T13:37:57.563611250Z
ValidationError: The 'X-Forwarded-For' header is set but the Express 'trust proxy' setting is false (default). This could indicate a misconfiguration which would prevent express-rate-limit from accurately identifying users. See https://express-rate-limit.github.io/ERR_ERL_UNEXPECTED_X_FORWARDED_FOR/ for more information.,"{""level"":""error""}","{""project"":""d4aae26b-9fab-4baa-93f4-1b393c6d7c8a"",""environment"":""6d4d10f8-ef6e-4a33-ba9c-6a725e4554a8"",""service"":""51cba4c8-134f-4e77-9ac9-02d403d57a06"",""deployment"":""21ac7a1d-e3b2-439c-8818-0eb1b69b56b4"",""replica"":""deff1601-8d89-4c9a-aef7-3a613d23deec""}",2026-01-11T13:40:18.541655626Z
    at Object.xForwardedForHeader (file:///app/node_modules/express-rate-limit/dist/index.mjs:337:13),"{""level"":""error""}","{""project"":""d4aae26b-9fab-4baa-93f4-1b393c6d7c8a"",""environment"":""6d4d10f8-ef6e-4a33-ba9c-6a725e4554a8"",""service"":""51cba4c8-134f-4e77-9ac9-02d403d57a06"",""deployment"":""21ac7a1d-e3b2-439c-8818-0eb1b69b56b4"",""replica"":""deff1601-8d89-4c9a-aef7-3a613d23deec""}",2026-01-11T13:40:18.541668270Z
    at wrappedValidations.<computed> [as xForwardedForHeader] (file:///app/node_modules/express-rate-limit/dist/index.mjs:651:22),"{""level"":""error""}","{""project"":""d4aae26b-9fab-4baa-93f4-1b393c6d7c8a"",""environment"":""6d4d10f8-ef6e-4a33-ba9c-6a725e4554a8"",""service"":""51cba4c8-134f-4e77-9ac9-02d403d57a06"",""deployment"":""21ac7a1d-e3b2-439c-8818-0eb1b69b56b4"",""replica"":""deff1601-8d89-4c9a-aef7-3a613d23deec""}",2026-01-11T13:40:18.541676281Z
    at Object.keyGenerator (file:///app/node_modules/express-rate-limit/dist/index.mjs:754:20),"{""level"":""error""}","{""project"":""d4aae26b-9fab-4baa-93f4-1b393c6d7c8a"",""environment"":""6d4d10f8-ef6e-4a33-ba9c-6a725e4554a8"",""service"":""51cba4c8-134f-4e77-9ac9-02d403d57a06"",""deployment"":""21ac7a1d-e3b2-439c-8818-0eb1b69b56b4"",""replica"":""deff1601-8d89-4c9a-aef7-3a613d23deec""}",2026-01-11T13:40:18.541684239Z
    at file:///app/node_modules/express-rate-limit/dist/index.mjs:815:32,"{""level"":""error""}","{""project"":""d4aae26b-9fab-4baa-93f4-1b393c6d7c8a"",""environment"":""6d4d10f8-ef6e-4a33-ba9c-6a725e4554a8"",""service"":""51cba4c8-134f-4e77-9ac9-02d403d57a06"",""deployment"":""21ac7a1d-e3b2-439c-8818-0eb1b69b56b4"",""replica"":""deff1601-8d89-4c9a-aef7-3a613d23deec""}",2026-01-11T13:40:18.541692300Z
    at process.processTicksAndRejections (node:internal/process/task_queues:95:5),"{""level"":""error""}","{""project"":""d4aae26b-9fab-4baa-93f4-1b393c6d7c8a"",""environment"":""6d4d10f8-ef6e-4a33-ba9c-6a725e4554a8"",""service"":""51cba4c8-134f-4e77-9ac9-02d403d57a06"",""deployment"":""21ac7a1d-e3b2-439c-8818-0eb1b69b56b4"",""replica"":""deff1601-8d89-4c9a-aef7-3a613d23deec""}",2026-01-11T13:40:18.541700565Z
    at async file:///app/node_modules/express-rate-limit/dist/index.mjs:796:5 {,"{""level"":""error""}","{""project"":""d4aae26b-9fab-4baa-93f4-1b393c6d7c8a"",""environment"":""6d4d10f8-ef6e-4a33-ba9c-6a725e4554a8"",""service"":""51cba4c8-134f-4e77-9ac9-02d403d57a06"",""deployment"":""21ac7a1d-e3b2-439c-8818-0eb1b69b56b4"",""replica"":""deff1601-8d89-4c9a-aef7-3a613d23deec""}",2026-01-11T13:40:18.541708130Z
"  code: 'ERR_ERL_UNEXPECTED_X_FORWARDED_FOR',","{""level"":""error""}","{""project"":""d4aae26b-9fab-4baa-93f4-1b393c6d7c8a"",""environment"":""6d4d10f8-ef6e-4a33-ba9c-6a725e4554a8"",""service"":""51cba4c8-134f-4e77-9ac9-02d403d57a06"",""deployment"":""21ac7a1d-e3b2-439c-8818-0eb1b69b56b4"",""replica"":""deff1601-8d89-4c9a-aef7-3a613d23deec""}",2026-01-11T13:40:18.541716309Z
  help: 'https://express-rate-limit.github.io/ERR_ERL_UNEXPECTED_X_FORWARDED_FOR/',"{""level"":""error""}","{""project"":""d4aae26b-9fab-4baa-93f4-1b393c6d7c8a"",""environment"":""6d4d10f8-ef6e-4a33-ba9c-6a725e4554a8"",""service"":""51cba4c8-134f-4e77-9ac9-02d403d57a06"",""deployment"":""21ac7a1d-e3b2-439c-8818-0eb1b69b56b4"",""replica"":""deff1601-8d89-4c9a-aef7-3a613d23deec""}",2026-01-11T13:40:18.541724982Z
},"{""level"":""error""}","{""project"":""d4aae26b-9fab-4baa-93f4-1b393c6d7c8a"",""environment"":""6d4d10f8-ef6e-4a33-ba9c-6a725e4554a8"",""service"":""51cba4c8-134f-4e77-9ac9-02d403d57a06"",""deployment"":""21ac7a1d-e3b2-439c-8818-0eb1b69b56b4"",""replica"":""deff1601-8d89-4c9a-aef7-3a613d23deec""}",2026-01-11T13:40:18.541737220Z
👁️  Viewed tournament: January Village 2026 (F2QQK3),"{""level"":""info""}","{""project"":""d4aae26b-9fab-4baa-93f4-1b393c6d7c8a"",""environment"":""6d4d10f8-ef6e-4a33-ba9c-6a725e4554a8"",""service"":""51cba4c8-134f-4e77-9ac9-02d403d57a06"",""deployment"":""21ac7a1d-e3b2-439c-8818-0eb1b69b56b4"",""replica"":""deff1601-8d89-4c9a-aef7-3a613d23deec""}",2026-01-11T13:40:18.541744815Z
[Socket] Connected: ayPOKJ4IseaCJXnAAAEd,"{""level"":""info""}","{""project"":""d4aae26b-9fab-4baa-93f4-1b393c6d7c8a"",""environment"":""6d4d10f8-ef6e-4a33-ba9c-6a725e4554a8"",""service"":""51cba4c8-134f-4e77-9ac9-02d403d57a06"",""deployment"":""21ac7a1d-e3b2-439c-8818-0eb1b69b56b4"",""replica"":""deff1601-8d89-4c9a-aef7-3a613d23deec""}",2026-01-11T13:40:18.541752548Z
👁️  Viewed tournament: January Village 2026 (F2QQK3),"{""level"":""info""}","{""project"":""d4aae26b-9fab-4baa-93f4-1b393c6d7c8a"",""environment"":""6d4d10f8-ef6e-4a33-ba9c-6a725e4554a8"",""service"":""51cba4c8-134f-4e77-9ac9-02d403d57a06"",""deployment"":""21ac7a1d-e3b2-439c-8818-0eb1b69b56b4"",""replica"":""deff1601-8d89-4c9a-aef7-3a613d23deec""}",2026-01-11T13:43:00.450877288Z
[Socket] Connected: 2d-kB5S4J17zKuHnAAEf,"{""level"":""info""}","{""project"":""d4aae26b-9fab-4baa-93f4-1b393c6d7c8a"",""environment"":""6d4d10f8-ef6e-4a33-ba9c-6a725e4554a8"",""service"":""51cba4c8-134f-4e77-9ac9-02d403d57a06"",""deployment"":""21ac7a1d-e3b2-439c-8818-0eb1b69b56b4"",""replica"":""deff1601-8d89-4c9a-aef7-3a613d23deec""}",2026-01-11T13:43:00.450889255Z
[Socket] Connected: MlU1u1odLCMBsIuyAAEh,"{""level"":""info""}","{""project"":""d4aae26b-9fab-4baa-93f4-1b393c6d7c8a"",""environment"":""6d4d10f8-ef6e-4a33-ba9c-6a725e4554a8"",""service"":""51cba4c8-134f-4e77-9ac9-02d403d57a06"",""deployment"":""21ac7a1d-e3b2-439c-8818-0eb1b69b56b4"",""replica"":""deff1601-8d89-4c9a-aef7-3a613d23deec""}",2026-01-11T13:43:20.455920140Z
"[Join] """" attempting to join F2QQK3","{""level"":""info""}","{""project"":""d4aae26b-9fab-4baa-93f4-1b393c6d7c8a"",""environment"":""6d4d10f8-ef6e-4a33-ba9c-6a725e4554a8"",""service"":""51cba4c8-134f-4e77-9ac9-02d403d57a06"",""deployment"":""21ac7a1d-e3b2-439c-8818-0eb1b69b56b4"",""replica"":""deff1601-8d89-4c9a-aef7-3a613d23deec""}",2026-01-11T13:43:20.455929915Z
"[Join] """" joined F2QQK3 as spectator","{""level"":""info""}","{""project"":""d4aae26b-9fab-4baa-93f4-1b393c6d7c8a"",""environment"":""6d4d10f8-ef6e-4a33-ba9c-6a725e4554a8"",""service"":""51cba4c8-134f-4e77-9ac9-02d403d57a06"",""deployment"":""21ac7a1d-e3b2-439c-8818-0eb1b69b56b4"",""replica"":""deff1601-8d89-4c9a-aef7-3a613d23deec""}",2026-01-11T13:43:20.455943247Z
[Socket] Disconnected: MlU1u1odLCMBsIuyAAEh,"{""level"":""info""}","{""project"":""d4aae26b-9fab-4baa-93f4-1b393c6d7c8a"",""environment"":""6d4d10f8-ef6e-4a33-ba9c-6a725e4554a8"",""service"":""51cba4c8-134f-4e77-9ac9-02d403d57a06"",""deployment"":""21ac7a1d-e3b2-439c-8818-0eb1b69b56b4"",""replica"":""deff1601-8d89-4c9a-aef7-3a613d23deec""}",2026-01-11T13:43:20.455951426Z
"[Leave] """" left F2QQK3","{""level"":""info""}","{""project"":""d4aae26b-9fab-4baa-93f4-1b393c6d7c8a"",""environment"":""6d4d10f8-ef6e-4a33-ba9c-6a725e4554a8"",""service"":""51cba4c8-134f-4e77-9ac9-02d403d57a06"",""deployment"":""21ac7a1d-e3b2-439c-8818-0eb1b69b56b4"",""replica"":""deff1601-8d89-4c9a-aef7-3a613d23deec""}",2026-01-11T13:43:20.455958643Z
[Socket] Disconnected: 2d-kB5S4J17zKuHnAAEf,"{""level"":""info""}","{""project"":""d4aae26b-9fab-4baa-93f4-1b393c6d7c8a"",""environment"":""6d4d10f8-ef6e-4a33-ba9c-6a725e4554a8"",""service"":""51cba4c8-134f-4e77-9ac9-02d403d57a06"",""deployment"":""21ac7a1d-e3b2-439c-8818-0eb1b69b56b4"",""replica"":""deff1601-8d89-4c9a-aef7-3a613d23deec""}",2026-01-11T13:44:20.865507653Z
👁️  Viewed tournament: January Village 2026 (F2QQK3),"{""level"":""info""}","{""project"":""d4aae26b-9fab-4baa-93f4-1b393c6d7c8a"",""environment"":""6d4d10f8-ef6e-4a33-ba9c-6a725e4554a8"",""service"":""51cba4c8-134f-4e77-9ac9-02d403d57a06"",""deployment"":""21ac7a1d-e3b2-439c-8818-0eb1b69b56b4"",""replica"":""deff1601-8d89-4c9a-aef7-3a613d23deec""}",2026-01-11T13:46:43.004480695Z
[Socket] Connected: UDmJvw3IXduIE1KaAAEk,"{""level"":""info""}","{""project"":""d4aae26b-9fab-4baa-93f4-1b393c6d7c8a"",""environment"":""6d4d10f8-ef6e-4a33-ba9c-6a725e4554a8"",""service"":""51cba4c8-134f-4e77-9ac9-02d403d57a06"",""deployment"":""21ac7a1d-e3b2-439c-8818-0eb1b69b56b4"",""replica"":""deff1601-8d89-4c9a-aef7-3a613d23deec""}",2026-01-11T13:46:43.004493189Z
[Socket] Disconnected: UDmJvw3IXduIE1KaAAEk,"{""level"":""info""}","{""project"":""d4aae26b-9fab-4baa-93f4-1b393c6d7c8a"",""environment"":""6d4d10f8-ef6e-4a33-ba9c-6a725e4554a8"",""service"":""51cba4c8-134f-4e77-9ac9-02d403d57a06"",""deployment"":""21ac7a1d-e3b2-439c-8818-0eb1b69b56b4"",""replica"":""deff1601-8d89-4c9a-aef7-3a613d23deec""}",2026-01-11T13:51:06.656585349Z
[Socket] Connected: ygeSDultVaz6EhHWAAEm,"{""level"":""info""}","{""project"":""d4aae26b-9fab-4baa-93f4-1b393c6d7c8a"",""environment"":""6d4d10f8-ef6e-4a33-ba9c-6a725e4554a8"",""service"":""51cba4c8-134f-4e77-9ac9-02d403d57a06"",""deployment"":""21ac7a1d-e3b2-439c-8818-0eb1b69b56b4"",""replica"":""deff1601-8d89-4c9a-aef7-3a613d23deec""}",2026-01-11T13:55:49.276444540Z
[Socket] Disconnected: ygeSDultVaz6EhHWAAEm,"{""level"":""info""}","{""project"":""d4aae26b-9fab-4baa-93f4-1b393c6d7c8a"",""environment"":""6d4d10f8-ef6e-4a33-ba9c-6a725e4554a8"",""service"":""51cba4c8-134f-4e77-9ac9-02d403d57a06"",""deployment"":""21ac7a1d-e3b2-439c-8818-0eb1b69b56b4"",""replica"":""deff1601-8d89-4c9a-aef7-3a613d23deec""}",2026-01-11T13:58:20.192552196Z
[Socket] Disconnected: 0pIGHb8iGIvYQaDhAAEZ,"{""level"":""info""}","{""project"":""d4aae26b-9fab-4baa-93f4-1b393c6d7c8a"",""environment"":""6d4d10f8-ef6e-4a33-ba9c-6a725e4554a8"",""service"":""51cba4c8-134f-4e77-9ac9-02d403d57a06"",""deployment"":""21ac7a1d-e3b2-439c-8818-0eb1b69b56b4"",""replica"":""deff1601-8d89-4c9a-aef7-3a613d23deec""}",2026-01-11T14:07:35.396156992Z
[Socket] Connected: K7sgfk8C47d69uXXAAEo,"{""level"":""info""}","{""project"":""d4aae26b-9fab-4baa-93f4-1b393c6d7c8a"",""environment"":""6d4d10f8-ef6e-4a33-ba9c-6a725e4554a8"",""service"":""51cba4c8-134f-4e77-9ac9-02d403d57a06"",""deployment"":""21ac7a1d-e3b2-439c-8818-0eb1b69b56b4"",""replica"":""deff1601-8d89-4c9a-aef7-3a613d23deec""}",2026-01-11T14:07:35.396164962Z
👁️  Viewed tournament: January Village 2026 (F2QQK3),"{""level"":""info""}","{""project"":""d4aae26b-9fab-4baa-93f4-1b393c6d7c8a"",""environment"":""6d4d10f8-ef6e-4a33-ba9c-6a725e4554a8"",""service"":""51cba4c8-134f-4e77-9ac9-02d403d57a06"",""deployment"":""21ac7a1d-e3b2-439c-8818-0eb1b69b56b4"",""replica"":""deff1601-8d89-4c9a-aef7-3a613d23deec""}",2026-01-11T14:07:55.314623681Z
[Socket] Connected: ujkz9K76VbyNY8IQAAEq,"{""level"":""info""}","{""project"":""d4aae26b-9fab-4baa-93f4-1b393c6d7c8a"",""environment"":""6d4d10f8-ef6e-4a33-ba9c-6a725e4554a8"",""service"":""51cba4c8-134f-4e77-9ac9-02d403d57a06"",""deployment"":""21ac7a1d-e3b2-439c-8818-0eb1b69b56b4"",""replica"":""deff1601-8d89-4c9a-aef7-3a613d23deec""}",2026-01-11T14:07:55.314635490Z
[Socket] Disconnected: IZGsXaRRPOwTF1XhAAEb,"{""level"":""info""}","{""project"":""d4aae26b-9fab-4baa-93f4-1b393c6d7c8a"",""environment"":""6d4d10f8-ef6e-4a33-ba9c-6a725e4554a8"",""service"":""51cba4c8-134f-4e77-9ac9-02d403d57a06"",""deployment"":""21ac7a1d-e3b2-439c-8818-0eb1b69b56b4"",""replica"":""deff1601-8d89-4c9a-aef7-3a613d23deec""}",2026-01-11T14:08:00.379684738Z
[Socket] Disconnected: K7sgfk8C47d69uXXAAEo,"{""level"":""info""}","{""project"":""d4aae26b-9fab-4baa-93f4-1b393c6d7c8a"",""environment"":""6d4d10f8-ef6e-4a33-ba9c-6a725e4554a8"",""service"":""51cba4c8-134f-4e77-9ac9-02d403d57a06"",""deployment"":""21ac7a1d-e3b2-439c-8818-0eb1b69b56b4"",""replica"":""deff1601-8d89-4c9a-aef7-3a613d23deec""}",2026-01-11T14:08:09.073047254Z
[Socket] Disconnected: ayPOKJ4IseaCJXnAAAEd,"{""level"":""info""}","{""project"":""d4aae26b-9fab-4baa-93f4-1b393c6d7c8a"",""environment"":""6d4d10f8-ef6e-4a33-ba9c-6a725e4554a8"",""service"":""51cba4c8-134f-4e77-9ac9-02d403d57a06"",""deployment"":""21ac7a1d-e3b2-439c-8818-0eb1b69b56b4"",""replica"":""deff1601-8d89-4c9a-aef7-3a613d23deec""}",2026-01-11T14:08:15.071935545Z
[Socket] Disconnected: ujkz9K76VbyNY8IQAAEq,"{""level"":""info""}","{""project"":""d4aae26b-9fab-4baa-93f4-1b393c6d7c8a"",""environment"":""6d4d10f8-ef6e-4a33-ba9c-6a725e4554a8"",""service"":""51cba4c8-134f-4e77-9ac9-02d403d57a06"",""deployment"":""21ac7a1d-e3b2-439c-8818-0eb1b69b56b4"",""replica"":""deff1601-8d89-4c9a-aef7-3a613d23deec""}",2026-01-11T14:10:46.150387052Z
👁️  Viewed tournament: January Village 2026 (F2QQK3),"{""level"":""info""}","{""project"":""d4aae26b-9fab-4baa-93f4-1b393c6d7c8a"",""environment"":""6d4d10f8-ef6e-4a33-ba9c-6a725e4554a8"",""service"":""51cba4c8-134f-4e77-9ac9-02d403d57a06"",""deployment"":""21ac7a1d-e3b2-439c-8818-0eb1b69b56b4"",""replica"":""deff1601-8d89-4c9a-aef7-3a613d23deec""}",2026-01-11T14:10:54.687560955Z
[Socket] Connected: dNOUFpA1vMwKrYg7AAEs,"{""level"":""info""}","{""project"":""d4aae26b-9fab-4baa-93f4-1b393c6d7c8a"",""environment"":""6d4d10f8-ef6e-4a33-ba9c-6a725e4554a8"",""service"":""51cba4c8-134f-4e77-9ac9-02d403d57a06"",""deployment"":""21ac7a1d-e3b2-439c-8818-0eb1b69b56b4"",""replica"":""deff1601-8d89-4c9a-aef7-3a613d23deec""}",2026-01-11T14:10:54.729306849Z
[Socket] Disconnected: dNOUFpA1vMwKrYg7AAEs,"{""level"":""info""}","{""project"":""d4aae26b-9fab-4baa-93f4-1b393c6d7c8a"",""environment"":""6d4d10f8-ef6e-4a33-ba9c-6a725e4554a8"",""service"":""51cba4c8-134f-4e77-9ac9-02d403d57a06"",""deployment"":""21ac7a1d-e3b2-439c-8818-0eb1b69b56b4"",""replica"":""deff1601-8d89-4c9a-aef7-3a613d23deec""}",2026-01-11T14:12:05.509405882Z
[Socket] Connected: UlsQgREif9qfF0ZnAAEu,"{""level"":""info""}","{""project"":""d4aae26b-9fab-4baa-93f4-1b393c6d7c8a"",""environment"":""6d4d10f8-ef6e-4a33-ba9c-6a725e4554a8"",""service"":""51cba4c8-134f-4e77-9ac9-02d403d57a06"",""deployment"":""21ac7a1d-e3b2-439c-8818-0eb1b69b56b4"",""replica"":""deff1601-8d89-4c9a-aef7-3a613d23deec""}",2026-01-11T14:18:39.702697831Z
[Socket] Connected: kotel2ug8hrXWDaMAAEw,"{""level"":""info""}","{""project"":""d4aae26b-9fab-4baa-93f4-1b393c6d7c8a"",""environment"":""6d4d10f8-ef6e-4a33-ba9c-6a725e4554a8"",""service"":""51cba4c8-134f-4e77-9ac9-02d403d57a06"",""deployment"":""21ac7a1d-e3b2-439c-8818-0eb1b69b56b4"",""replica"":""deff1601-8d89-4c9a-aef7-3a613d23deec""}",2026-01-11T14:18:49.390823601Z
👁️  Viewed tournament: January Village 2026 (F2QQK3),"{""level"":""info""}","{""project"":""d4aae26b-9fab-4baa-93f4-1b393c6d7c8a"",""environment"":""6d4d10f8-ef6e-4a33-ba9c-6a725e4554a8"",""service"":""51cba4c8-134f-4e77-9ac9-02d403d57a06"",""deployment"":""21ac7a1d-e3b2-439c-8818-0eb1b69b56b4"",""replica"":""deff1601-8d89-4c9a-aef7-3a613d23deec""}",2026-01-11T14:22:12.421309056Z
[Socket] Connected: F0XffJkYHRHYXRavAAEy,"{""level"":""info""}","{""project"":""d4aae26b-9fab-4baa-93f4-1b393c6d7c8a"",""environment"":""6d4d10f8-ef6e-4a33-ba9c-6a725e4554a8"",""service"":""51cba4c8-134f-4e77-9ac9-02d403d57a06"",""deployment"":""21ac7a1d-e3b2-439c-8818-0eb1b69b56b4"",""replica"":""deff1601-8d89-4c9a-aef7-3a613d23deec""}",2026-01-11T14:22:12.421322070Z
[Socket] Disconnected: F0XffJkYHRHYXRavAAEy,"{""level"":""info""}","{""project"":""d4aae26b-9fab-4baa-93f4-1b393c6d7c8a"",""environment"":""6d4d10f8-ef6e-4a33-ba9c-6a725e4554a8"",""service"":""51cba4c8-134f-4e77-9ac9-02d403d57a06"",""deployment"":""21ac7a1d-e3b2-439c-8818-0eb1b69b56b4"",""replica"":""deff1601-8d89-4c9a-aef7-3a613d23deec""}",2026-01-11T14:23:02.901775598Z
[Socket] Disconnected: kotel2ug8hrXWDaMAAEw,"{""level"":""info""}","{""project"":""d4aae26b-9fab-4baa-93f4-1b393c6d7c8a"",""environment"":""6d4d10f8-ef6e-4a33-ba9c-6a725e4554a8"",""service"":""51cba4c8-134f-4e77-9ac9-02d403d57a06"",""deployment"":""21ac7a1d-e3b2-439c-8818-0eb1b69b56b4"",""replica"":""deff1601-8d89-4c9a-aef7-3a613d23deec""}",2026-01-11T14:24:22.827885620Z
[Socket] Connected: QVehPhEwPMMsoK-GAAE0,"{""level"":""info""}","{""project"":""d4aae26b-9fab-4baa-93f4-1b393c6d7c8a"",""environment"":""6d4d10f8-ef6e-4a33-ba9c-6a725e4554a8"",""service"":""51cba4c8-134f-4e77-9ac9-02d403d57a06"",""deployment"":""21ac7a1d-e3b2-439c-8818-0eb1b69b56b4"",""replica"":""deff1601-8d89-4c9a-aef7-3a613d23deec""}",2026-01-11T14:24:22.827898409Z
[Socket] Disconnected: UlsQgREif9qfF0ZnAAEu,"{""level"":""info""}","{""project"":""d4aae26b-9fab-4baa-93f4-1b393c6d7c8a"",""environment"":""6d4d10f8-ef6e-4a33-ba9c-6a725e4554a8"",""service"":""51cba4c8-134f-4e77-9ac9-02d403d57a06"",""deployment"":""21ac7a1d-e3b2-439c-8818-0eb1b69b56b4"",""replica"":""deff1601-8d89-4c9a-aef7-3a613d23deec""}",2026-01-11T14:24:52.917581674Z
[Socket] Disconnected: QVehPhEwPMMsoK-GAAE0,"{""level"":""info""}","{""project"":""d4aae26b-9fab-4baa-93f4-1b393c6d7c8a"",""environment"":""6d4d10f8-ef6e-4a33-ba9c-6a725e4554a8"",""service"":""51cba4c8-134f-4e77-9ac9-02d403d57a06"",""deployment"":""21ac7a1d-e3b2-439c-8818-0eb1b69b56b4"",""replica"":""deff1601-8d89-4c9a-aef7-3a613d23deec""}",2026-01-11T14:24:58.213206630Z
[Socket] Connected: vWL-dAz1_-b8n0FEAAE2,"{""level"":""info""}","{""project"":""d4aae26b-9fab-4baa-93f4-1b393c6d7c8a"",""environment"":""6d4d10f8-ef6e-4a33-ba9c-6a725e4554a8"",""service"":""51cba4c8-134f-4e77-9ac9-02d403d57a06"",""deployment"":""21ac7a1d-e3b2-439c-8818-0eb1b69b56b4"",""replica"":""deff1601-8d89-4c9a-aef7-3a613d23deec""}",2026-01-11T14:25:38.244642634Z
[Socket] Connected: xShsFZgowPw01kBOAAE4,"{""level"":""info""}","{""project"":""d4aae26b-9fab-4baa-93f4-1b393c6d7c8a"",""environment"":""6d4d10f8-ef6e-4a33-ba9c-6a725e4554a8"",""service"":""51cba4c8-134f-4e77-9ac9-02d403d57a06"",""deployment"":""21ac7a1d-e3b2-439c-8818-0eb1b69b56b4"",""replica"":""deff1601-8d89-4c9a-aef7-3a613d23deec""}",2026-01-11T14:26:48.194068283Z
[Socket] Disconnected: vWL-dAz1_-b8n0FEAAE2,"{""level"":""info""}","{""project"":""d4aae26b-9fab-4baa-93f4-1b393c6d7c8a"",""environment"":""6d4d10f8-ef6e-4a33-ba9c-6a725e4554a8"",""service"":""51cba4c8-134f-4e77-9ac9-02d403d57a06"",""deployment"":""21ac7a1d-e3b2-439c-8818-0eb1b69b56b4"",""replica"":""deff1601-8d89-4c9a-aef7-3a613d23deec""}",2026-01-11T14:27:08.078694475Z
[Socket] Disconnected: xShsFZgowPw01kBOAAE4,"{""level"":""info""}","{""project"":""d4aae26b-9fab-4baa-93f4-1b393c6d7c8a"",""environment"":""6d4d10f8-ef6e-4a33-ba9c-6a725e4554a8"",""service"":""51cba4c8-134f-4e77-9ac9-02d403d57a06"",""deployment"":""21ac7a1d-e3b2-439c-8818-0eb1b69b56b4"",""replica"":""deff1601-8d89-4c9a-aef7-3a613d23deec""}",2026-01-11T14:27:28.063172318Z
[Socket] Connected: ayCRgtZA6c74LNkjAAE6,"{""level"":""info""}","{""project"":""d4aae26b-9fab-4baa-93f4-1b393c6d7c8a"",""environment"":""6d4d10f8-ef6e-4a33-ba9c-6a725e4554a8"",""service"":""51cba4c8-134f-4e77-9ac9-02d403d57a06"",""deployment"":""21ac7a1d-e3b2-439c-8818-0eb1b69b56b4"",""replica"":""deff1601-8d89-4c9a-aef7-3a613d23deec""}",2026-01-11T14:28:38.700312577Z
[Socket] Connected: -n2Jlv-nLhQPNAM2AAE8,"{""level"":""info""}","{""project"":""d4aae26b-9fab-4baa-93f4-1b393c6d7c8a"",""environment"":""6d4d10f8-ef6e-4a33-ba9c-6a725e4554a8"",""service"":""51cba4c8-134f-4e77-9ac9-02d403d57a06"",""deployment"":""21ac7a1d-e3b2-439c-8818-0eb1b69b56b4"",""replica"":""deff1601-8d89-4c9a-aef7-3a613d23deec""}",2026-01-11T14:28:48.129941105Z
[Socket] Disconnected: ayCRgtZA6c74LNkjAAE6,"{""level"":""info""}","{""project"":""d4aae26b-9fab-4baa-93f4-1b393c6d7c8a"",""environment"":""6d4d10f8-ef6e-4a33-ba9c-6a725e4554a8"",""service"":""51cba4c8-134f-4e77-9ac9-02d403d57a06"",""deployment"":""21ac7a1d-e3b2-439c-8818-0eb1b69b56b4"",""replica"":""deff1601-8d89-4c9a-aef7-3a613d23deec""}",2026-01-11T14:29:18.122938113Z
[Socket] Disconnected: -n2Jlv-nLhQPNAM2AAE8,"{""level"":""info""}","{""project"":""d4aae26b-9fab-4baa-93f4-1b393c6d7c8a"",""environment"":""6d4d10f8-ef6e-4a33-ba9c-6a725e4554a8"",""service"":""51cba4c8-134f-4e77-9ac9-02d403d57a06"",""deployment"":""21ac7a1d-e3b2-439c-8818-0eb1b69b56b4"",""replica"":""deff1601-8d89-4c9a-aef7-3a613d23deec""}",2026-01-11T14:29:37.666413917Z
[Socket] Connected: M-Ml4KrJm_D5-Q_NAAE-,"{""level"":""info""}","{""project"":""d4aae26b-9fab-4baa-93f4-1b393c6d7c8a"",""environment"":""6d4d10f8-ef6e-4a33-ba9c-6a725e4554a8"",""service"":""51cba4c8-134f-4e77-9ac9-02d403d57a06"",""deployment"":""21ac7a1d-e3b2-439c-8818-0eb1b69b56b4"",""replica"":""deff1601-8d89-4c9a-aef7-3a613d23deec""}",2026-01-11T14:42:04.729253074Z
[Socket] Disconnected: M-Ml4KrJm_D5-Q_NAAE-,"{""level"":""info""}","{""project"":""d4aae26b-9fab-4baa-93f4-1b393c6d7c8a"",""environment"":""6d4d10f8-ef6e-4a33-ba9c-6a725e4554a8"",""service"":""51cba4c8-134f-4e77-9ac9-02d403d57a06"",""deployment"":""21ac7a1d-e3b2-439c-8818-0eb1b69b56b4"",""replica"":""deff1601-8d89-4c9a-aef7-3a613d23deec""}",2026-01-11T14:42:45.188583467Z
👁️  Viewed tournament: January Village 2026 (F2QQK3),"{""level"":""info""}","{""project"":""d4aae26b-9fab-4baa-93f4-1b393c6d7c8a"",""environment"":""6d4d10f8-ef6e-4a33-ba9c-6a725e4554a8"",""service"":""51cba4c8-134f-4e77-9ac9-02d403d57a06"",""deployment"":""21ac7a1d-e3b2-439c-8818-0eb1b69b56b4"",""replica"":""deff1601-8d89-4c9a-aef7-3a613d23deec""}",2026-01-11T14:43:45.266522162Z
[Socket] Connected: D496LpFfNHlZ0kfaAAFA,"{""level"":""info""}","{""project"":""d4aae26b-9fab-4baa-93f4-1b393c6d7c8a"",""environment"":""6d4d10f8-ef6e-4a33-ba9c-6a725e4554a8"",""service"":""51cba4c8-134f-4e77-9ac9-02d403d57a06"",""deployment"":""21ac7a1d-e3b2-439c-8818-0eb1b69b56b4"",""replica"":""deff1601-8d89-4c9a-aef7-3a613d23deec""}",2026-01-11T14:43:45.266533394Z
[Socket] Disconnected: D496LpFfNHlZ0kfaAAFA,"{""level"":""info""}","{""project"":""d4aae26b-9fab-4baa-93f4-1b393c6d7c8a"",""environment"":""6d4d10f8-ef6e-4a33-ba9c-6a725e4554a8"",""service"":""51cba4c8-134f-4e77-9ac9-02d403d57a06"",""deployment"":""21ac7a1d-e3b2-439c-8818-0eb1b69b56b4"",""replica"":""deff1601-8d89-4c9a-aef7-3a613d23deec""}",2026-01-11T14:45:55.773923672Z
👁️  Viewed tournament: January Village 2026 (F2QQK3),"{""level"":""info""}","{""project"":""d4aae26b-9fab-4baa-93f4-1b393c6d7c8a"",""environment"":""6d4d10f8-ef6e-4a33-ba9c-6a725e4554a8"",""service"":""51cba4c8-134f-4e77-9ac9-02d403d57a06"",""deployment"":""21ac7a1d-e3b2-439c-8818-0eb1b69b56b4"",""replica"":""deff1601-8d89-4c9a-aef7-3a613d23deec""}",2026-01-11T14:55:53.790903599Z
[Socket] Connected: lUqgtmTb0x69aBxmAAFC,"{""level"":""info""}","{""project"":""d4aae26b-9fab-4baa-93f4-1b393c6d7c8a"",""environment"":""6d4d10f8-ef6e-4a33-ba9c-6a725e4554a8"",""service"":""51cba4c8-134f-4e77-9ac9-02d403d57a06"",""deployment"":""21ac7a1d-e3b2-439c-8818-0eb1b69b56b4"",""replica"":""deff1601-8d89-4c9a-aef7-3a613d23deec""}",2026-01-11T14:55:53.790920067Z
[Socket] Disconnected: lUqgtmTb0x69aBxmAAFC,"{""level"":""info""}","{""project"":""d4aae26b-9fab-4baa-93f4-1b393c6d7c8a"",""environment"":""6d4d10f8-ef6e-4a33-ba9c-6a725e4554a8"",""service"":""51cba4c8-134f-4e77-9ac9-02d403d57a06"",""deployment"":""21ac7a1d-e3b2-439c-8818-0eb1b69b56b4"",""replica"":""deff1601-8d89-4c9a-aef7-3a613d23deec""}",2026-01-11T14:58:04.920303820Z
[Socket] Connected: ULBBL-TjZBU9BAFsAAFE,"{""level"":""info""}","{""project"":""d4aae26b-9fab-4baa-93f4-1b393c6d7c8a"",""environment"":""6d4d10f8-ef6e-4a33-ba9c-6a725e4554a8"",""service"":""51cba4c8-134f-4e77-9ac9-02d403d57a06"",""deployment"":""21ac7a1d-e3b2-439c-8818-0eb1b69b56b4"",""replica"":""deff1601-8d89-4c9a-aef7-3a613d23deec""}",2026-01-11T15:04:29.818267914Z
[Socket] Connected: w378rWyCIUt8vZHFAAFG,"{""level"":""info""}","{""project"":""d4aae26b-9fab-4baa-93f4-1b393c6d7c8a"",""environment"":""6d4d10f8-ef6e-4a33-ba9c-6a725e4554a8"",""service"":""51cba4c8-134f-4e77-9ac9-02d403d57a06"",""deployment"":""21ac7a1d-e3b2-439c-8818-0eb1b69b56b4"",""replica"":""deff1601-8d89-4c9a-aef7-3a613d23deec""}",2026-01-11T15:04:29.818284014Z
[Socket] Disconnected: w378rWyCIUt8vZHFAAFG,"{""level"":""info""}","{""project"":""d4aae26b-9fab-4baa-93f4-1b393c6d7c8a"",""environment"":""6d4d10f8-ef6e-4a33-ba9c-6a725e4554a8"",""service"":""51cba4c8-134f-4e77-9ac9-02d403d57a06"",""deployment"":""21ac7a1d-e3b2-439c-8818-0eb1b69b56b4"",""replica"":""deff1601-8d89-4c9a-aef7-3a613d23deec""}",2026-01-11T15:05:19.970060972Z
[Socket] Disconnected: ULBBL-TjZBU9BAFsAAFE,"{""level"":""info""}","{""project"":""d4aae26b-9fab-4baa-93f4-1b393c6d7c8a"",""environment"":""6d4d10f8-ef6e-4a33-ba9c-6a725e4554a8"",""service"":""51cba4c8-134f-4e77-9ac9-02d403d57a06"",""deployment"":""21ac7a1d-e3b2-439c-8818-0eb1b69b56b4"",""replica"":""deff1601-8d89-4c9a-aef7-3a613d23deec""}",2026-01-11T15:05:39.771183263Z
👁️  Viewed tournament: January Village 2026 (F2QQK3),"{""level"":""info""}","{""project"":""d4aae26b-9fab-4baa-93f4-1b393c6d7c8a"",""environment"":""6d4d10f8-ef6e-4a33-ba9c-6a725e4554a8"",""service"":""51cba4c8-134f-4e77-9ac9-02d403d57a06"",""deployment"":""21ac7a1d-e3b2-439c-8818-0eb1b69b56b4"",""replica"":""deff1601-8d89-4c9a-aef7-3a613d23deec""}",2026-01-11T15:20:44.754164799Z
[Socket] Connected: 7zORBNWIRkuzygTQAAFI,"{""level"":""info""}","{""project"":""d4aae26b-9fab-4baa-93f4-1b393c6d7c8a"",""environment"":""6d4d10f8-ef6e-4a33-ba9c-6a725e4554a8"",""service"":""51cba4c8-134f-4e77-9ac9-02d403d57a06"",""deployment"":""21ac7a1d-e3b2-439c-8818-0eb1b69b56b4"",""replica"":""deff1601-8d89-4c9a-aef7-3a613d23deec""}",2026-01-11T15:20:44.754188566Z
[Socket] Disconnected: 7zORBNWIRkuzygTQAAFI,"{""level"":""info""}","{""project"":""d4aae26b-9fab-4baa-93f4-1b393c6d7c8a"",""environment"":""6d4d10f8-ef6e-4a33-ba9c-6a725e4554a8"",""service"":""51cba4c8-134f-4e77-9ac9-02d403d57a06"",""deployment"":""21ac7a1d-e3b2-439c-8818-0eb1b69b56b4"",""replica"":""deff1601-8d89-4c9a-aef7-3a613d23deec""}",2026-01-11T15:20:53.860579619Z
👁️  Viewed tournament: January Village 2026 (F2QQK3),"{""level"":""info""}","{""project"":""d4aae26b-9fab-4baa-93f4-1b393c6d7c8a"",""environment"":""6d4d10f8-ef6e-4a33-ba9c-6a725e4554a8"",""service"":""51cba4c8-134f-4e77-9ac9-02d403d57a06"",""deployment"":""21ac7a1d-e3b2-439c-8818-0eb1b69b56b4"",""replica"":""deff1601-8d89-4c9a-aef7-3a613d23deec""}",2026-01-11T15:26:06.483878806Z
[Socket] Connected: NLR7Z2F_JvbGFnlNAAFK,"{""level"":""info""}","{""project"":""d4aae26b-9fab-4baa-93f4-1b393c6d7c8a"",""environment"":""6d4d10f8-ef6e-4a33-ba9c-6a725e4554a8"",""service"":""51cba4c8-134f-4e77-9ac9-02d403d57a06"",""deployment"":""21ac7a1d-e3b2-439c-8818-0eb1b69b56b4"",""replica"":""deff1601-8d89-4c9a-aef7-3a613d23deec""}",2026-01-11T15:26:06.483889894Z
[Socket] Disconnected: NLR7Z2F_JvbGFnlNAAFK,"{""level"":""info""}","{""project"":""d4aae26b-9fab-4baa-93f4-1b393c6d7c8a"",""environment"":""6d4d10f8-ef6e-4a33-ba9c-6a725e4554a8"",""service"":""51cba4c8-134f-4e77-9ac9-02d403d57a06"",""deployment"":""21ac7a1d-e3b2-439c-8818-0eb1b69b56b4"",""replica"":""deff1601-8d89-4c9a-aef7-3a613d23deec""}",2026-01-11T15:28:26.561772637Z
[Socket] Connected: cggxg3EKK3UaC4QYAAFM,"{""level"":""info""}","{""project"":""d4aae26b-9fab-4baa-93f4-1b393c6d7c8a"",""environment"":""6d4d10f8-ef6e-4a33-ba9c-6a725e4554a8"",""service"":""51cba4c8-134f-4e77-9ac9-02d403d57a06"",""deployment"":""21ac7a1d-e3b2-439c-8818-0eb1b69b56b4"",""replica"":""deff1601-8d89-4c9a-aef7-3a613d23deec""}",2026-01-11T15:46:29.175300840Z
[Socket] Disconnected: cggxg3EKK3UaC4QYAAFM,"{""level"":""info""}","{""project"":""d4aae26b-9fab-4baa-93f4-1b393c6d7c8a"",""environment"":""6d4d10f8-ef6e-4a33-ba9c-6a725e4554a8"",""service"":""51cba4c8-134f-4e77-9ac9-02d403d57a06"",""deployment"":""21ac7a1d-e3b2-439c-8818-0eb1b69b56b4"",""replica"":""deff1601-8d89-4c9a-aef7-3a613d23deec""}",2026-01-11T15:47:29.520640449Z
[Socket] Connected: YTbwCO7OBkZFZilTAAFO,"{""level"":""info""}","{""project"":""d4aae26b-9fab-4baa-93f4-1b393c6d7c8a"",""environment"":""6d4d10f8-ef6e-4a33-ba9c-6a725e4554a8"",""service"":""51cba4c8-134f-4e77-9ac9-02d403d57a06"",""deployment"":""21ac7a1d-e3b2-439c-8818-0eb1b69b56b4"",""replica"":""deff1601-8d89-4c9a-aef7-3a613d23deec""}",2026-01-11T15:56:18.458813370Z
[Socket] Connected: HeFAJejRL_MvOjj-AAFQ,"{""level"":""info""}","{""project"":""d4aae26b-9fab-4baa-93f4-1b393c6d7c8a"",""environment"":""6d4d10f8-ef6e-4a33-ba9c-6a725e4554a8"",""service"":""51cba4c8-134f-4e77-9ac9-02d403d57a06"",""deployment"":""21ac7a1d-e3b2-439c-8818-0eb1b69b56b4"",""replica"":""deff1601-8d89-4c9a-aef7-3a613d23deec""}",2026-01-11T15:56:18.935084176Z
[Socket] Disconnected: YTbwCO7OBkZFZilTAAFO,"{""level"":""info""}","{""project"":""d4aae26b-9fab-4baa-93f4-1b393c6d7c8a"",""environment"":""6d4d10f8-ef6e-4a33-ba9c-6a725e4554a8"",""service"":""51cba4c8-134f-4e77-9ac9-02d403d57a06"",""deployment"":""21ac7a1d-e3b2-439c-8818-0eb1b69b56b4"",""replica"":""deff1601-8d89-4c9a-aef7-3a613d23deec""}",2026-01-11T15:56:59.315883665Z
[Socket] Disconnected: HeFAJejRL_MvOjj-AAFQ,"{""level"":""info""}","{""project"":""d4aae26b-9fab-4baa-93f4-1b393c6d7c8a"",""environment"":""6d4d10f8-ef6e-4a33-ba9c-6a725e4554a8"",""service"":""51cba4c8-134f-4e77-9ac9-02d403d57a06"",""deployment"":""21ac7a1d-e3b2-439c-8818-0eb1b69b56b4"",""replica"":""deff1601-8d89-4c9a-aef7-3a613d23deec""}",2026-01-11T15:56:59.406322260Z
👁️  Viewed tournament: January Village 2026 (F2QQK3),"{""level"":""info""}","{""project"":""d4aae26b-9fab-4baa-93f4-1b393c6d7c8a"",""environment"":""6d4d10f8-ef6e-4a33-ba9c-6a725e4554a8"",""service"":""51cba4c8-134f-4e77-9ac9-02d403d57a06"",""deployment"":""21ac7a1d-e3b2-439c-8818-0eb1b69b56b4"",""replica"":""deff1601-8d89-4c9a-aef7-3a613d23deec""}",2026-01-11T16:05:35.036210836Z
[Socket] Connected: z4umufHgi_BR8L-aAAFS,"{""level"":""info""}","{""project"":""d4aae26b-9fab-4baa-93f4-1b393c6d7c8a"",""environment"":""6d4d10f8-ef6e-4a33-ba9c-6a725e4554a8"",""service"":""51cba4c8-134f-4e77-9ac9-02d403d57a06"",""deployment"":""21ac7a1d-e3b2-439c-8818-0eb1b69b56b4"",""replica"":""deff1601-8d89-4c9a-aef7-3a613d23deec""}",2026-01-11T16:05:35.036219364Z
[Socket] Disconnected: z4umufHgi_BR8L-aAAFS,"{""level"":""info""}","{""project"":""d4aae26b-9fab-4baa-93f4-1b393c6d7c8a"",""environment"":""6d4d10f8-ef6e-4a33-ba9c-6a725e4554a8"",""service"":""51cba4c8-134f-4e77-9ac9-02d403d57a06"",""deployment"":""21ac7a1d-e3b2-439c-8818-0eb1b69b56b4"",""replica"":""deff1601-8d89-4c9a-aef7-3a613d23deec""}",2026-01-11T16:05:44.562643758Z
[Socket] Connected: TtYGXJXrxf-2XvrgAAFU,"{""level"":""info""}","{""project"":""d4aae26b-9fab-4baa-93f4-1b393c6d7c8a"",""environment"":""6d4d10f8-ef6e-4a33-ba9c-6a725e4554a8"",""service"":""51cba4c8-134f-4e77-9ac9-02d403d57a06"",""deployment"":""21ac7a1d-e3b2-439c-8818-0eb1b69b56b4"",""replica"":""deff1601-8d89-4c9a-aef7-3a613d23deec""}",2026-01-11T16:12:40.576493435Z
[Socket] Disconnected: TtYGXJXrxf-2XvrgAAFU,"{""level"":""info""}","{""project"":""d4aae26b-9fab-4baa-93f4-1b393c6d7c8a"",""environment"":""6d4d10f8-ef6e-4a33-ba9c-6a725e4554a8"",""service"":""51cba4c8-134f-4e77-9ac9-02d403d57a06"",""deployment"":""21ac7a1d-e3b2-439c-8818-0eb1b69b56b4"",""replica"":""deff1601-8d89-4c9a-aef7-3a613d23deec""}",2026-01-11T16:12:44.950271509Z
👁️  Viewed tournament: January Village 2026 (F2QQK3),"{""level"":""info""}","{""project"":""d4aae26b-9fab-4baa-93f4-1b393c6d7c8a"",""environment"":""6d4d10f8-ef6e-4a33-ba9c-6a725e4554a8"",""service"":""51cba4c8-134f-4e77-9ac9-02d403d57a06"",""deployment"":""21ac7a1d-e3b2-439c-8818-0eb1b69b56b4"",""replica"":""deff1601-8d89-4c9a-aef7-3a613d23deec""}",2026-01-11T16:16:48.469199753Z
[Socket] Connected: sB4AS46s6NHOL6X2AAFW,"{""level"":""info""}","{""project"":""d4aae26b-9fab-4baa-93f4-1b393c6d7c8a"",""environment"":""6d4d10f8-ef6e-4a33-ba9c-6a725e4554a8"",""service"":""51cba4c8-134f-4e77-9ac9-02d403d57a06"",""deployment"":""21ac7a1d-e3b2-439c-8818-0eb1b69b56b4"",""replica"":""deff1601-8d89-4c9a-aef7-3a613d23deec""}",2026-01-11T16:16:48.469207541Z
[Socket] Disconnected: sB4AS46s6NHOL6X2AAFW,"{""level"":""info""}","{""project"":""d4aae26b-9fab-4baa-93f4-1b393c6d7c8a"",""environment"":""6d4d10f8-ef6e-4a33-ba9c-6a725e4554a8"",""service"":""51cba4c8-134f-4e77-9ac9-02d403d57a06"",""deployment"":""21ac7a1d-e3b2-439c-8818-0eb1b69b56b4"",""replica"":""deff1601-8d89-4c9a-aef7-3a613d23deec""}",2026-01-11T16:18:49.688757851Z
[Socket] Connected: se1KgRnQG4jmCT1QAAFY,"{""level"":""info""}","{""project"":""d4aae26b-9fab-4baa-93f4-1b393c6d7c8a"",""environment"":""6d4d10f8-ef6e-4a33-ba9c-6a725e4554a8"",""service"":""51cba4c8-134f-4e77-9ac9-02d403d57a06"",""deployment"":""21ac7a1d-e3b2-439c-8818-0eb1b69b56b4"",""replica"":""deff1601-8d89-4c9a-aef7-3a613d23deec""}",2026-01-11T16:25:24.817771287Z
[Socket] Disconnected: se1KgRnQG4jmCT1QAAFY,"{""level"":""info""}","{""project"":""d4aae26b-9fab-4baa-93f4-1b393c6d7c8a"",""environment"":""6d4d10f8-ef6e-4a33-ba9c-6a725e4554a8"",""service"":""51cba4c8-134f-4e77-9ac9-02d403d57a06"",""deployment"":""21ac7a1d-e3b2-439c-8818-0eb1b69b56b4"",""replica"":""deff1601-8d89-4c9a-aef7-3a613d23deec""}",2026-01-11T16:26:05.230876268Z
[Socket] Connected: -1ltuNoHRy_UNvppAAFa,"{""level"":""info""}","{""project"":""d4aae26b-9fab-4baa-93f4-1b393c6d7c8a"",""environment"":""6d4d10f8-ef6e-4a33-ba9c-6a725e4554a8"",""service"":""51cba4c8-134f-4e77-9ac9-02d403d57a06"",""deployment"":""21ac7a1d-e3b2-439c-8818-0eb1b69b56b4"",""replica"":""deff1601-8d89-4c9a-aef7-3a613d23deec""}",2026-01-11T16:27:25.986018359Z
[Socket] Disconnected: -1ltuNoHRy_UNvppAAFa,"{""level"":""info""}","{""project"":""d4aae26b-9fab-4baa-93f4-1b393c6d7c8a"",""environment"":""6d4d10f8-ef6e-4a33-ba9c-6a725e4554a8"",""service"":""51cba4c8-134f-4e77-9ac9-02d403d57a06"",""deployment"":""21ac7a1d-e3b2-439c-8818-0eb1b69b56b4"",""replica"":""deff1601-8d89-4c9a-aef7-3a613d23deec""}",2026-01-11T16:28:06.722566558Z
[Socket] Connected: P-ToPlNuEeyFcJZvAAFc,"{""level"":""info""}","{""project"":""d4aae26b-9fab-4baa-93f4-1b393c6d7c8a"",""environment"":""6d4d10f8-ef6e-4a33-ba9c-6a725e4554a8"",""service"":""51cba4c8-134f-4e77-9ac9-02d403d57a06"",""deployment"":""21ac7a1d-e3b2-439c-8818-0eb1b69b56b4"",""replica"":""deff1601-8d89-4c9a-aef7-3a613d23deec""}",2026-01-11T16:32:11.143022549Z
[Socket] Connected: qThdIPs4mb4keCTVAAFe,"{""level"":""info""}","{""project"":""d4aae26b-9fab-4baa-93f4-1b393c6d7c8a"",""environment"":""6d4d10f8-ef6e-4a33-ba9c-6a725e4554a8"",""service"":""51cba4c8-134f-4e77-9ac9-02d403d57a06"",""deployment"":""21ac7a1d-e3b2-439c-8818-0eb1b69b56b4"",""replica"":""deff1601-8d89-4c9a-aef7-3a613d23deec""}",2026-01-11T16:33:11.568251752Z
[Socket] Disconnected: P-ToPlNuEeyFcJZvAAFc,"{""level"":""info""}","{""project"":""d4aae26b-9fab-4baa-93f4-1b393c6d7c8a"",""environment"":""6d4d10f8-ef6e-4a33-ba9c-6a725e4554a8"",""service"":""51cba4c8-134f-4e77-9ac9-02d403d57a06"",""deployment"":""21ac7a1d-e3b2-439c-8818-0eb1b69b56b4"",""replica"":""deff1601-8d89-4c9a-aef7-3a613d23deec""}",2026-01-11T16:33:12.075403792Z
[Socket] Connected: lJmfZ19si0hqdMJXAAFg,"{""level"":""info""}","{""project"":""d4aae26b-9fab-4baa-93f4-1b393c6d7c8a"",""environment"":""6d4d10f8-ef6e-4a33-ba9c-6a725e4554a8"",""service"":""51cba4c8-134f-4e77-9ac9-02d403d57a06"",""deployment"":""21ac7a1d-e3b2-439c-8818-0eb1b69b56b4"",""replica"":""deff1601-8d89-4c9a-aef7-3a613d23deec""}",2026-01-11T16:33:32.208615457Z
[Socket] Disconnected: qThdIPs4mb4keCTVAAFe,"{""level"":""info""}","{""project"":""d4aae26b-9fab-4baa-93f4-1b393c6d7c8a"",""environment"":""6d4d10f8-ef6e-4a33-ba9c-6a725e4554a8"",""service"":""51cba4c8-134f-4e77-9ac9-02d403d57a06"",""deployment"":""21ac7a1d-e3b2-439c-8818-0eb1b69b56b4"",""replica"":""deff1601-8d89-4c9a-aef7-3a613d23deec""}",2026-01-11T16:34:22.310639064Z
[Socket] Disconnected: lJmfZ19si0hqdMJXAAFg,"{""level"":""info""}","{""project"":""d4aae26b-9fab-4baa-93f4-1b393c6d7c8a"",""environment"":""6d4d10f8-ef6e-4a33-ba9c-6a725e4554a8"",""service"":""51cba4c8-134f-4e77-9ac9-02d403d57a06"",""deployment"":""21ac7a1d-e3b2-439c-8818-0eb1b69b56b4"",""replica"":""deff1601-8d89-4c9a-aef7-3a613d23deec""}",2026-01-11T16:34:42.664530499Z
👁️  Viewed tournament: January Village 2026 (F2QQK3),"{""level"":""info""}","{""project"":""d4aae26b-9fab-4baa-93f4-1b393c6d7c8a"",""environment"":""6d4d10f8-ef6e-4a33-ba9c-6a725e4554a8"",""service"":""51cba4c8-134f-4e77-9ac9-02d403d57a06"",""deployment"":""21ac7a1d-e3b2-439c-8818-0eb1b69b56b4"",""replica"":""deff1601-8d89-4c9a-aef7-3a613d23deec""}",2026-01-11T16:35:12.681576561Z
[Socket] Connected: rQOUYLVGjAaXz1K_AAFi,"{""level"":""info""}","{""project"":""d4aae26b-9fab-4baa-93f4-1b393c6d7c8a"",""environment"":""6d4d10f8-ef6e-4a33-ba9c-6a725e4554a8"",""service"":""51cba4c8-134f-4e77-9ac9-02d403d57a06"",""deployment"":""21ac7a1d-e3b2-439c-8818-0eb1b69b56b4"",""replica"":""deff1601-8d89-4c9a-aef7-3a613d23deec""}",2026-01-11T16:35:12.770648179Z
[Socket] Disconnected: rQOUYLVGjAaXz1K_AAFi,"{""level"":""info""}","{""project"":""d4aae26b-9fab-4baa-93f4-1b393c6d7c8a"",""environment"":""6d4d10f8-ef6e-4a33-ba9c-6a725e4554a8"",""service"":""51cba4c8-134f-4e77-9ac9-02d403d57a06"",""deployment"":""21ac7a1d-e3b2-439c-8818-0eb1b69b56b4"",""replica"":""deff1601-8d89-4c9a-aef7-3a613d23deec""}",2026-01-11T16:36:44.316560696Z
[Socket] Connected: bB1uulhyu8Hw7foSAAFk,"{""level"":""info""}","{""project"":""d4aae26b-9fab-4baa-93f4-1b393c6d7c8a"",""environment"":""6d4d10f8-ef6e-4a33-ba9c-6a725e4554a8"",""service"":""51cba4c8-134f-4e77-9ac9-02d403d57a06"",""deployment"":""21ac7a1d-e3b2-439c-8818-0eb1b69b56b4"",""replica"":""deff1601-8d89-4c9a-aef7-3a613d23deec""}",2026-01-11T16:45:01.236618062Z
[Socket] Connected: Gl5dp7lHXuZR94D9AAFm,"{""level"":""info""}","{""project"":""d4aae26b-9fab-4baa-93f4-1b393c6d7c8a"",""environment"":""6d4d10f8-ef6e-4a33-ba9c-6a725e4554a8"",""service"":""51cba4c8-134f-4e77-9ac9-02d403d57a06"",""deployment"":""21ac7a1d-e3b2-439c-8818-0eb1b69b56b4"",""replica"":""deff1601-8d89-4c9a-aef7-3a613d23deec""}",2026-01-11T16:45:21.137176137Z
[Socket] Disconnected: bB1uulhyu8Hw7foSAAFk,"{""level"":""info""}","{""project"":""d4aae26b-9fab-4baa-93f4-1b393c6d7c8a"",""environment"":""6d4d10f8-ef6e-4a33-ba9c-6a725e4554a8"",""service"":""51cba4c8-134f-4e77-9ac9-02d403d57a06"",""deployment"":""21ac7a1d-e3b2-439c-8818-0eb1b69b56b4"",""replica"":""deff1601-8d89-4c9a-aef7-3a613d23deec""}",2026-01-11T16:45:41.342365456Z
[Socket] Disconnected: Gl5dp7lHXuZR94D9AAFm,"{""level"":""info""}","{""project"":""d4aae26b-9fab-4baa-93f4-1b393c6d7c8a"",""environment"":""6d4d10f8-ef6e-4a33-ba9c-6a725e4554a8"",""service"":""51cba4c8-134f-4e77-9ac9-02d403d57a06"",""deployment"":""21ac7a1d-e3b2-439c-8818-0eb1b69b56b4"",""replica"":""deff1601-8d89-4c9a-aef7-3a613d23deec""}",2026-01-11T16:46:01.144437757Z
[Socket] Connected: J40nLFdnaNN-bsPAAAFo,"{""level"":""info""}","{""project"":""d4aae26b-9fab-4baa-93f4-1b393c6d7c8a"",""environment"":""6d4d10f8-ef6e-4a33-ba9c-6a725e4554a8"",""service"":""51cba4c8-134f-4e77-9ac9-02d403d57a06"",""deployment"":""21ac7a1d-e3b2-439c-8818-0eb1b69b56b4"",""replica"":""deff1601-8d89-4c9a-aef7-3a613d23deec""}",2026-01-11T17:11:31.874620364Z
[Socket] Disconnected: J40nLFdnaNN-bsPAAAFo,"{""level"":""info""}","{""project"":""d4aae26b-9fab-4baa-93f4-1b393c6d7c8a"",""environment"":""6d4d10f8-ef6e-4a33-ba9c-6a725e4554a8"",""service"":""51cba4c8-134f-4e77-9ac9-02d403d57a06"",""deployment"":""21ac7a1d-e3b2-439c-8818-0eb1b69b56b4"",""replica"":""deff1601-8d89-4c9a-aef7-3a613d23deec""}",2026-01-11T17:12:11.687855200Z
[Cleanup] Warning sent to F2QQK3: 11 min remaining,"{""level"":""info""}","{""project"":""d4aae26b-9fab-4baa-93f4-1b393c6d7c8a"",""environment"":""6d4d10f8-ef6e-4a33-ba9c-6a725e4554a8"",""service"":""51cba4c8-134f-4e77-9ac9-02d403d57a06"",""deployment"":""21ac7a1d-e3b2-439c-8818-0eb1b69b56b4"",""replica"":""deff1601-8d89-4c9a-aef7-3a613d23deec""}",2026-01-11T17:32:39.912431571Z
[Socket] Connected: ZprHF6hzbKz-oUhbAAFq,"{""level"":""info""}","{""project"":""d4aae26b-9fab-4baa-93f4-1b393c6d7c8a"",""environment"":""6d4d10f8-ef6e-4a33-ba9c-6a725e4554a8"",""service"":""51cba4c8-134f-4e77-9ac9-02d403d57a06"",""deployment"":""21ac7a1d-e3b2-439c-8818-0eb1b69b56b4"",""replica"":""deff1601-8d89-4c9a-aef7-3a613d23deec""}",2026-01-11T17:36:32.718350686Z
[Socket] Connected: Lb_v1h8fHBGTVHMzAAFs,"{""level"":""info""}","{""project"":""d4aae26b-9fab-4baa-93f4-1b393c6d7c8a"",""environment"":""6d4d10f8-ef6e-4a33-ba9c-6a725e4554a8"",""service"":""51cba4c8-134f-4e77-9ac9-02d403d57a06"",""deployment"":""21ac7a1d-e3b2-439c-8818-0eb1b69b56b4"",""replica"":""deff1601-8d89-4c9a-aef7-3a613d23deec""}",2026-01-11T17:36:52.632152010Z
[Cleanup] Deleting inactive room: F2QQK3,"{""level"":""info""}","{""project"":""d4aae26b-9fab-4baa-93f4-1b393c6d7c8a"",""environment"":""6d4d10f8-ef6e-4a33-ba9c-6a725e4554a8"",""service"":""51cba4c8-134f-4e77-9ac9-02d403d57a06"",""deployment"":""21ac7a1d-e3b2-439c-8818-0eb1b69b56b4"",""replica"":""deff1601-8d89-4c9a-aef7-3a613d23deec""}",2026-01-11T17:47:42.848668890Z
[Socket] Connected: 2QN0nUQmF7IpISe9AAFu,"{""level"":""info""}","{""project"":""d4aae26b-9fab-4baa-93f4-1b393c6d7c8a"",""environment"":""6d4d10f8-ef6e-4a33-ba9c-6a725e4554a8"",""service"":""51cba4c8-134f-4e77-9ac9-02d403d57a06"",""deployment"":""21ac7a1d-e3b2-439c-8818-0eb1b69b56b4"",""replica"":""deff1601-8d89-4c9a-aef7-3a613d23deec""}",2026-01-11T17:49:34.372075810Z
[Socket] Disconnected: 2QN0nUQmF7IpISe9AAFu,"{""level"":""info""}","{""project"":""d4aae26b-9fab-4baa-93f4-1b393c6d7c8a"",""environment"":""6d4d10f8-ef6e-4a33-ba9c-6a725e4554a8"",""service"":""51cba4c8-134f-4e77-9ac9-02d403d57a06"",""deployment"":""21ac7a1d-e3b2-439c-8818-0eb1b69b56b4"",""replica"":""deff1601-8d89-4c9a-aef7-3a613d23deec""}",2026-01-11T17:49:34.372084043Z